disease,fever,headache,cough,fatigue,nausea,vomiting,sore_throat,body_pain,stomach_pain,chest_pain,shortness_of_breath,dizziness,joint_pain,skin_rash,runny_nose,chills,abdominal_pain,loss_of_appetite,diarrhea,muscle_pain
Common Cold,0,0,1,0,0,0,1,1,0,0,0,0,0,0,1,1,0,0,0,0
Common Cold,0,0,0,0,0,0,0,0,0,0,0,0,0,0,0,1,0,0,1,1
Common Cold,0,1,1,0,0,0,1,0,0,0,0,0,0,0,1,1,0,0,0,0
Common Cold,0,1,1,0,0,0,1,1,0,0,0,0,1,0,1,1,0,1,0,0
Common Cold,0,0,0,1,0,1,1,1,0,0,0,0,0,0,1,0,0,0,0,0
Common Cold,1,0,1,0,0,0,1,1,0,0,0,0,0,0,1,0,0,0,0,1
Common Cold,0,0,0,0,0,0,1,0,0,0,0,0,0,0,1,0,0,0,0,0
Common Cold,1,1,1,0,0,0,1,0,0,0,0,0,0,0,1,1,0,0,0,0
Common Cold,0,0,1,0,0,0,1,1,0,0,0,0,0,1,1,0,0,0,0,0
Common Cold,0,0,1,0,0,0,0,0,1,0,0,0,0,0,1,0,0,0,0,0
Common Cold,0,0,0,1,1,0,1,0,0,0,0,0,0,0,1,0,1,0,0,1
Common Cold,0,0,0,0,0,0,0,0,0,0,0,0,0,0,0,0,0,0,0,0
Common Cold,0,0,0,1,0,0,1,0,1,0,0,0,0,0,1,0,0,1,0,1
Common Cold,0,0,1,1,0,0,1,0,0,0,0,0,0,0,1,0,0,0,0,0
Common Cold,1,1,1,0,0,0,0,0,0,0,0,0,0,0,1,0,0,0,0,1
Common Cold,0,1,1,0,0,0,1,0,0,0,0,0,0,0,1,0,0,0,0,0
Common Cold,0,0,0,0,0,0,0,1,0,0,0,0,0,0,1,0,0,0,0,0
Common Cold,1,0,1,1,0,0,1,0,0,0,1,0,0,0,1,0,0,0,0,0
Common Cold,1,0,0,0,0,0,1,0,0,0,0,0,0,0,1,0,0,0,0,0
Common Cold,0,0,1,0,0,0,1,1,0,0,0,0,0,0,0,0,0,0,0,0
Common Cold,1,0,0,0,0,0,0,0,0,0,1,0,0,0,1,0,0,0,0,0
Common Cold,0,0,1,0,0,0,0,1,0,0,0,0,0,0,0,1,0,0,0,0
Common Cold,0,0,1,1,0,0,1,1,0,0,1,0,0,0,1,1,0,0,0,1
Common Cold,0,0,1,0,0,0,1,0,0,0,0,0,1,0,1,0,0,0,1,0
Common Cold,0,0,1,1,0,0,1,0,1,0,0,0,0,0,0,0,0,1,0,0
Common Cold,0,0,1,0,0,0,1,0,0,1,0,0,0,0,0,0,0,0,0,0
Common Cold,0,0,1,1,1,0,0,1,0,0,0,0,0,0,1,1,0,0,0,0
Common Cold,1,0,1,1,0,0,1,1,0,0,0,0,1,0,1,1,0,0,0,1
Common Cold,0,0,1,0,0,0,1,1,0,0,0,0,0,0,1,0,0,0,0,1
Common Cold,1,0,0,0,0,0,1,0,1,0,0,0,0,1,1,0,0,0,0,1
Common Cold,1,0,0,0,0,0,0,1,0,0,1,0,0,0,1,1,1,0,0,1
Common Cold,0,0,1,1,0,0,1,0,0,0,0,0,0,0,1,0,1,1,0,0
Common Cold,0,1,1,0,0,0,0,1,0,0,0,0,0,0,0,0,0,0,0,1
Common Cold,1,1,1,0,0,0,0,0,0,0,0,0,0,0,1,0,0,0,0,0
Common Cold,1,0,1,0,0,0,1,0,0,0,0,0,0,0,1,1,0,0,0,0
Common Cold,1,0,1,0,0,0,1,0,0,0,0,0,0,0,0,0,0,1,0,0
Common Cold,1,0,1,0,0,0,1,0,0,0,0,0,1,0,1,0,0,0,0,0
Common Cold,1,1,1,0,0,0,1,0,0,0,0,0,0,0,1,0,1,1,0,0
Common Cold,0,1,1,1,0,0,1,1,0,0,1,0,0,0,1,0,0,0,0,0
Common Cold,1,0,1,1,0,0,0,1,0,0,0,0,1,0,1,0,0,0,0,0
Common Cold,0,0,1,0,0,0,1,0,0,0,1,0,0,0,1,1,0,1,0,0
Common Cold,0,0,0,0,0,0,1,0,0,0,0,0,0,0,0,0,0,0,0,0
Common Cold,0,0,0,0,0,0,1,1,0,0,0,0,0,0,1,1,0,0,0,1
Common Cold,1,1,1,0,0,0,1,0,0,0,0,1,0,0,1,1,0,0,0,0
Common Cold,0,0,1,0,0,0,0,1,0,0,0,0,0,0,1,0,0,1,1,1
Common Cold,0,0,0,1,0,0,1,0,0,0,0,0,0,0,1,0,0,0,0,1
Common Cold,0,0,1,1,0,0,0,1,0,0,0,0,0,0,1,1,0,0,0,0
Common Cold,0,0,1,1,0,0,1,0,0,0,1,1,0,0,1,0,0,0,0,0
Common Cold,1,0,1,0,1,0,1,0,0,0,0,0,0,0,1,0,0,0,0,0
Common Cold,0,0,1,0,1,0,1,0,0,0,0,0,0,0,1,1,0,0,1,0
Common Cold,1,1,0,0,0,0,1,0,0,0,0,1,0,0,1,0,0,0,0,0
Common Cold,0,1,1,0,1,0,0,0,0,0,0,0,0,0,1,0,0,0,0,0
Common Cold,1,0,1,0,0,0,1,0,0,0,0,0,0,0,0,1,0,1,0,0
Common Cold,0,0,1,1,0,0,1,0,0,0,0,0,0,0,0,1,0,0,0,0
Common Cold,0,0,0,1,0,1,0,0,0,0,0,0,0,0,1,0,0,0,0,0
Common Cold,1,1,0,0,0,0,0,1,0,1,0,0,0,0,1,1,0,0,0,0
Common Cold,1,0,1,0,1,0,0,0,0,0,0,0,0,0,1,0,0,0,0,1
Common Cold,0,1,1,1,0,0,1,1,1,0,0,0,0,0,1,0,0,1,0,0
Common Cold,0,0,0,1,1,0,0,0,0,0,1,0,0,0,1,0,0,1,1,1
Common Cold,0,0,1,0,0,0,1,1,0,0,0,0,0,0,1,1,0,0,0,0
Common Cold,1,0,1,1,0,0,1,0,1,0,1,0,0,0,0,0,0,0,0,1
Common Cold,0,0,1,1,0,0,1,1,0,0,0,0,0,0,1,0,0,0,0,0
Common Cold,0,1,0,0,0,0,1,0,0,0,0,0,0,0,0,0,0,0,0,0
Common Cold,1,0,1,0,0,0,1,0,1,0,0,0,0,0,1,1,0,0,0,0
Common Cold,0,1,1,1,0,0,1,0,0,0,0,0,0,0,1,0,0,0,0,1
Common Cold,1,0,1,1,1,1,0,1,0,0,0,0,0,0,1,0,0,0,0,0
Common Cold,1,0,1,0,0,0,1,0,0,0,0,0,0,0,1,0,0,0,0,0
Common Cold,0,0,1,0,0,0,1,0,0,0,0,1,0,0,1,0,0,0,0,1
Common Cold,0,0,1,1,0,0,0,0,0,1,0,0,0,0,1,0,0,0,0,1
Common Cold,1,0,0,1,0,0,1,0,0,0,0,0,0,0,0,0,0,0,0,1
Common Cold,0,0,0,1,0,0,1,0,1,0,0,0,0,1,1,0,0,0,1,0
Common Cold,0,0,1,1,0,0,0,0,1,0,0,0,0,0,1,0,0,0,0,1
Common Cold,0,1,0,0,0,0,0,0,0,0,0,0,1,0,1,1,0,0,0,0
Common Cold,0,1,0,0,0,0,0,1,0,1,0,0,1,0,0,0,0,0,0,0
Common Cold,0,0,1,0,0,0,0,1,1,0,0,0,0,0,0,0,0,0,0,0
Common Cold,0,0,0,1,1,0,1,0,0,0,0,0,0,0,1,0,1,0,0,0
Common Cold,0,0,1,1,0,0,1,0,1,0,0,0,0,0,1,0,0,0,1,0
Common Cold,0,0,1,1,0,0,0,0,1,0,0,0,0,1,1,1,1,0,1,0
Common Cold,1,0,1,1,0,0,1,0,0,0,0,0,0,0,1,1,0,0,1,0
Common Cold,1,0,1,1,0,0,1,1,0,0,0,0,0,0,1,0,0,0,0,0
Common Cold,0,0,0,0,0,0,0,1,1,0,0,1,0,0,1,0,0,0,0,0
Common Cold,0,0,1,0,0,0,1,1,0,0,0,1,1,0,1,1,0,0,0,0
Common Cold,1,0,1,0,0,0,1,1,1,0,0,0,0,0,1,0,1,0,1,0
Common Cold,1,0,1,0,0,0,1,0,0,0,0,1,0,0,1,0,0,1,0,0
Common Cold,1,0,1,1,0,0,0,0,0,0,0,0,0,0,1,0,0,0,0,0
Common Cold,1,0,0,0,1,0,1,0,0,0,0,1,0,0,1,0,0,0,0,0
Common Cold,0,0,1,0,1,0,1,1,0,0,0,0,0,0,1,0,0,0,0,0
Common Cold,0,0,1,1,0,0,0,1,0,0,0,1,0,0,1,1,0,0,0,0
Common Cold,0,1,1,0,0,0,1,1,0,1,0,0,1,0,1,1,0,0,0,0
Common Cold,0,0,0,0,0,0,0,1,0,0,0,0,0,0,1,1,0,0,0,0
Common Cold,0,0,1,1,0,0,0,1,0,0,0,0,0,0,1,1,0,0,1,0
Common Cold,0,0,1,0,0,0,1,1,0,0,0,1,0,0,1,1,1,0,0,0
Common Cold,1,1,1,1,0,0,1,1,0,0,0,0,0,0,0,0,0,0,0,0
Common Cold,0,1,0,1,0,0,1,0,0,0,0,1,0,0,0,0,0,0,0,0
Common Cold,0,0,1,0,0,0,0,0,0,0,0,0,1,0,0,1,0,0,0,0
Common Cold,0,0,0,1,0,0,0,0,0,0,0,0,0,0,1,0,0,0,1,0
Common Cold,1,0,0,0,1,0,0,1,0,0,0,0,0,0,1,1,0,0,0,0
Common Cold,0,1,0,0,0,0,1,0,0,0,0,0,0,0,1,0,0,0,0,0
Common Cold,0,0,1,0,1,0,1,0,0,0,0,0,1,0,1,0,1,0,0,1
Common Cold,0,0,0,1,0,0,0,0,0,0,0,0,0,0,0,1,1,0,0,1
Common Cold,0,1,1,0,1,0,1,1,0,0,0,0,0,0,1,1,0,0,0,0
Common Cold,1,0,1,0,0,0,1,1,1,0,0,0,1,0,0,0,0,0,0,1
Common Cold,1,0,1,0,1,0,0,0,0,0,0,0,0,1,1,0,0,0,0,0
Common Cold,0,0,1,0,1,0,0,1,0,0,0,0,0,0,1,1,0,1,0,0
Common Cold,1,0,1,1,0,0,1,0,0,0,0,0,0,0,1,0,0,1,0,0
Common Cold,1,0,1,0,0,0,1,0,0,0,0,0,0,0,1,0,0,0,0,0
Common Cold,0,0,0,1,0,0,1,0,0,0,0,0,0,1,0,0,0,0,0,0
Common Cold,0,1,1,0,0,0,0,0,0,0,0,0,1,0,1,0,0,1,1,0
Common Cold,0,0,0,0,0,0,0,1,0,0,1,0,0,0,1,0,0,0,0,1
Common Cold,0,0,0,0,0,0,1,0,0,0,0,0,0,1,1,0,1,0,0,1
Common Cold,0,0,1,1,0,0,0,0,1,0,0,0,0,0,0,0,0,0,0,1
Common Cold,0,0,0,0,0,0,0,1,0,0,0,1,0,0,1,0,0,0,0,0
Common Cold,0,0,0,0,0,0,0,0,0,0,0,1,0,1,0,0,0,0,0,1
Common Cold,0,0,1,0,0,0,1,0,0,0,0,0,0,0,1,1,0,0,0,0
Common Cold,1,1,0,1,0,0,0,1,0,0,0,0,0,0,1,1,0,0,0,0
Common Cold,0,0,0,1,0,0,1,0,0,0,0,0,0,0,1,0,0,0,0,0
Common Cold,1,1,0,1,1,0,0,1,0,0,0,0,0,0,1,0,1,0,0,0
Common Cold,1,0,1,1,0,0,1,0,0,0,0,0,0,0,1,0,0,0,0,0
Common Cold,1,0,1,0,0,0,0,1,0,0,1,0,0,0,0,0,0,0,0,0
Common Cold,0,1,0,1,0,0,0,0,0,0,0,0,0,0,1,0,0,0,0,0
Common Cold,1,1,1,0,0,0,0,0,0,0,0,0,0,0,1,0,0,1,0,0
Common Cold,0,1,1,1,1,0,1,1,0,0,0,0,0,0,1,1,0,0,0,0
Common Cold,0,1,0,0,0,0,1,1,0,0,0,0,1,0,1,0,0,0,0,0
Common Cold,0,0,1,1,0,0,1,0,0,0,0,0,0,0,1,1,0,0,0,0
Common Cold,1,0,1,0,0,0,0,0,0,0,0,0,0,0,1,0,0,0,0,0
Common Cold,0,0,1,0,0,0,0,1,0,0,0,0,0,0,1,0,0,0,0,0
Common Cold,0,0,1,0,0,0,1,0,0,0,0,0,1,0,1,0,1,0,0,0
Common Cold,1,1,1,1,0,0,1,0,0,0,0,0,0,0,0,0,0,0,0,0
Common Cold,0,0,1,1,0,0,1,1,1,0,0,0,0,0,1,1,0,0,0,0
Common Cold,1,0,0,1,0,0,1,0,1,0,0,0,0,0,1,0,0,0,1,0
Common Cold,0,0,1,1,0,0,0,0,0,0,0,0,1,0,1,0,0,1,0,0
Common Cold,0,0,1,0,0,0,1,0,0,0,0,1,0,0,1,1,0,0,0,0
Common Cold,0,0,0,1,0,0,1,1,0,1,1,0,0,0,0,0,0,0,0,0
Common Cold,0,0,1,1,0,0,1,0,0,1,0,0,0,0,1,0,0,0,0,0
Common Cold,1,0,0,1,0,0,0,0,0,0,0,1,0,0,0,0,0,0,0,0
Common Cold,0,1,0,1,0,0,1,0,0,0,0,0,0,0,1,1,1,0,0,0
Common Cold,1,0,1,0,0,0,1,1,0,0,0,0,0,0,1,1,0,0,0,0
Common Cold,1,0,0,0,0,0,1,0,0,0,1,0,0,0,1,0,0,0,0,0
Common Cold,0,0,1,1,0,0,0,1,0,0,0,0,1,0,1,0,0,0,0,0
Common Cold,0,0,1,0,0,1,1,1,0,0,0,0,1,0,1,0,0,0,0,0
Common Cold,0,0,1,0,0,0,1,0,0,0,0,0,0,0,1,0,0,1,0,1
Common Cold,0,0,1,0,0,0,1,1,0,0,0,0,0,0,0,1,0,1,0,1
Common Cold,0,1,0,0,0,0,1,1,0,0,0,0,0,1,0,0,0,0,0,0
Common Cold,0,1,0,1,0,0,1,0,0,0,0,0,0,0,1,0,0,0,0,0
Common Cold,0,1,1,1,0,0,0,0,0,0,0,1,0,0,1,0,0,0,0,1
Common Cold,1,0,1,0,0,0,1,1,0,0,0,0,0,1,1,0,0,0,0,0
Common Cold,1,1,1,0,0,0,0,0,1,0,0,0,0,0,1,1,0,0,0,0
Common Cold,0,0,1,0,0,0,1,1,0,0,0,0,0,0,1,0,0,1,0,0
Common Cold,0,0,0,0,0,0,0,0,0,0,0,0,0,1,1,1,0,0,0,0
Common Cold,0,0,0,1,0,0,0,0,0,0,1,1,1,0,1,0,0,0,0,1
Influenza,1,1,0,1,0,0,0,0,0,1,0,1,1,0,1,1,0,1,0,0
Influenza,1,1,0,1,0,0,1,1,0,0,0,0,0,0,1,1,0,1,0,1
Influenza,0,1,1,1,1,0,0,0,0,0,0,0,1,0,0,1,0,0,0,0
Influenza,1,0,0,1,0,0,1,1,0,0,0,0,1,0,0,1,0,1,0,0
Influenza,1,1,1,0,0,0,0,1,0,0,1,0,0,0,1,1,0,1,0,1
Influenza,1,1,0,1,1,1,1,0,0,1,0,0,0,0,1,0,0,0,0,0
Influenza,1,0,1,0,1,0,1,1,0,1,0,0,0,1,0,0,0,0,0,1
Influenza,1,1,0,1,0,0,1,0,1,0,0,0,0,0,0,1,0,0,0,1
Influenza,1,1,1,1,1,0,0,0,0,0,0,0,1,0,0,1,0,0,0,1
Influenza,1,1,1,1,0,0,0,1,0,0,0,0,0,0,0,1,0,1,0,0
Influenza,1,0,0,1,0,0,1,1,0,0,0,0,1,0,0,0,0,0,0,0
Influenza,1,1,1,1,0,0,1,1,0,0,0,1,1,0,0,0,0,0,0,1
Influenza,1,1,1,1,0,0,1,1,1,0,1,1,0,0,0,0,0,1,0,1
Influenza,1,1,0,0,0,0,1,1,0,0,0,1,1,0,0,1,1,0,1,0
Influenza,1,1,1,1,0,1,0,0,0,0,0,1,1,0,0,1,0,1,0,1
Influenza,1,0,1,1,0,0,1,0,0,0,0,0,1,0,0,1,0,1,0,1
Influenza,1,0,1,0,0,0,1,1,0,0,0,0,0,0,1,0,0,0,0,1
Influenza,1,1,1,1,1,0,0,0,0,0,0,0,0,0,0,1,0,1,0,1
Influenza,1,1,1,1,0,0,1,1,1,0,1,0,0,1,1,1,0,0,0,1
Influenza,1,1,0,1,0,0,1,1,0,1,0,0,0,0,0,1,0,1,0,0
Influenza,1,1,0,1,0,1,0,1,0,0,0,0,0,0,1,1,0,1,0,0
Influenza,1,1,1,1,1,0,0,1,0,0,0,1,1,0,0,1,0,1,0,1
Influenza,1,1,0,1,0,0,1,0,1,0,0,0,1,0,0,0,0,1,0,1
Influenza,1,1,1,1,0,1,1,1,0,0,0,1,0,0,1,1,1,1,0,0
Influenza,1,1,1,1,0,0,0,1,0,1,0,0,1,0,1,1,0,1,0,0
Influenza,1,0,1,1,0,0,1,0,1,0,0,0,0,0,1,1,0,0,0,0
Influenza,1,1,1,1,0,0,1,1,0,0,0,0,0,0,1,1,1,1,0,0
Influenza,1,1,1,1,1,0,1,1,1,0,0,0,1,0,1,0,0,0,1,1
Influenza,1,0,1,1,0,0,1,0,0,1,1,1,0,0,0,1,0,0,0,0
Influenza,1,1,1,1,0,0,0,1,0,0,0,0,0,0,0,1,0,1,0,0
Influenza,1,1,1,1,0,0,0,1,0,0,1,0,0,1,1,1,0,0,0,1
Influenza,1,1,1,0,0,0,0,1,1,0,1,1,1,0,1,0,1,0,0,1
Influenza,1,1,1,1,0,1,0,0,0,0,0,0,0,0,1,1,0,0,0,0
Influenza,1,0,1,1,0,0,0,1,0,0,0,0,1,0,0,1,0,0,0,0
Influenza,1,0,1,1,0,0,0,1,0,1,1,0,1,0,0,1,0,1,0,1
Influenza,1,1,1,0,0,0,0,1,0,0,0,0,1,0,0,1,0,0,0,1
Influenza,1,0,0,1,1,0,0,0,0,0,0,1,0,0,1,1,0,0,1,1
Influenza,1,1,0,0,0,0,0,1,0,0,0,1,0,0,0,0,0,0,0,1
Influenza,1,0,0,1,0,0,0,1,0,0,1,0,1,0,0,1,0,1,0,0
Influenza,1,0,0,1,1,0,0,1,0,0,0,1,0,0,1,0,0,0,1,1
Influenza,1,0,0,1,0,0,1,1,0,0,0,0,0,0,0,1,0,1,0,1
Influenza,1,1,0,1,0,0,0,0,0,0,0,0,1,0,1,1,0,0,0,1
Influenza,1,1,0,1,0,0,0,1,0,0,0,0,1,0,0,1,0,0,0,0
Influenza,0,0,1,1,0,1,0,0,1,1,1,1,0,0,0,0,0,0,0,1
Influenza,1,0,1,1,0,0,1,1,0,0,1,1,0,0,0,1,0,1,1,1
Influenza,1,1,1,0,1,1,0,1,0,0,0,0,0,0,1,1,0,0,0,0
Influenza,1,1,1,1,1,0,1,1,0,0,0,0,0,0,1,1,0,0,0,1
Influenza,1,0,0,1,0,0,1,0,0,0,1,0,0,0,0,1,1,1,1,1
Influenza,1,1,1,1,1,0,1,1,0,0,0,1,1,0,1,1,1,1,0,1
Influenza,1,1,1,1,0,0,0,1,0,0,0,1,0,0,0,1,0,1,0,1
Influenza,1,0,1,1,1,0,1,0,0,0,0,0,0,0,0,1,0,1,0,0
Influenza,1,0,1,1,1,0,0,1,0,0,1,1,1,0,0,1,0,1,0,1
Influenza,1,1,0,1,0,0,0,0,0,0,0,1,0,0,0,1,0,1,0,1
Influenza,1,0,1,0,1,0,1,1,0,0,0,0,1,0,1,0,0,1,0,0
Influenza,1,1,1,1,0,0,1,1,0,1,0,0,1,0,1,1,0,1,0,1
Influenza,1,1,1,1,1,0,0,1,0,0,1,0,0,0,0,1,0,0,0,1
Influenza,1,1,0,1,0,0,0,0,0,0,0,1,1,0,0,1,0,0,0,1
Influenza,0,1,0,1,0,0,1,0,0,0,1,1,1,0,0,1,0,1,0,1
Influenza,1,1,0,0,0,0,1,1,0,0,0,0,0,1,0,1,0,1,0,1
Influenza,1,1,0,0,1,0,0,1,0,0,1,0,0,0,1,1,0,0,0,0
Influenza,0,1,1,1,0,0,0,1,0,1,1,1,1,0,1,1,0,1,1,1
Influenza,1,1,0,0,0,1,0,1,0,0,0,0,1,0,1,1,0,0,0,0
Influenza,1,0,0,1,0,1,0,0,0,0,0,0,0,0,1,0,0,1,0,0
Influenza,1,1,1,1,0,1,0,1,0,0,0,0,0,0,1,1,0,0,0,0
Influenza,0,0,1,0,0,0,1,1,1,1,0,1,0,0,0,1,0,1,0,0
Influenza,1,1,1,1,0,0,1,0,1,0,1,0,0,0,0,1,0,0,0,1
Influenza,1,1,1,1,1,0,0,1,0,0,0,0,0,0,0,1,0,1,0,1
Influenza,0,1,0,1,0,0,1,1,0,0,0,1,0,0,0,1,0,0,0,1
Influenza,1,1,0,1,0,0,0,0,1,0,0,1,0,0,1,1,0,0,0,1
Influenza,1,0,0,1,1,0,0,1,1,0,0,0,0,0,0,1,0,1,0,1
Influenza,1,0,0,1,0,0,1,1,0,0,0,1,1,0,1,1,0,1,0,1
Influenza,1,0,0,1,1,0,0,1,1,0,0,0,0,0,1,1,1,1,0,1
Influenza,1,1,0,1,1,0,1,1,0,0,0,0,0,0,0,0,0,0,0,1
Influenza,1,0,0,1,0,0,0,1,0,0,0,0,0,0,0,0,0,1,0,0
Influenza,1,1,0,1,1,0,1,1,0,0,0,0,0,0,0,1,0,0,0,0
Influenza,1,1,1,1,0,0,1,1,0,0,0,0,1,0,1,0,0,0,0,1
Influenza,1,1,1,1,0,0,0,0,0,0,0,0,0,0,1,1,0,0,0,1
Influenza,1,0,1,0,0,1,0,0,1,0,0,0,1,0,0,1,0,0,0,0
Influenza,1,0,0,1,0,0,1,1,0,0,1,0,1,0,0,1,0,1,0,1
Influenza,1,1,0,1,0,0,1,1,0,1,0,0,0,1,0,1,0,1,0,1
Influenza,1,1,1,1,0,0,0,1,0,1,0,1,0,0,0,1,0,1,0,0
Influenza,1,1,0,1,0,0,1,1,0,1,0,0,1,0,1,1,0,1,0,1
Influenza,0,1,0,1,0,0,0,0,0,1,0,0,1,0,0,1,0,1,0,0
Influenza,0,1,0,1,0,0,0,1,0,0,0,0,0,0,0,1,0,0,1,0
Influenza,1,1,1,1,0,1,0,1,0,0,0,0,0,0,0,0,0,1,0,1
Influenza,1,1,1,1,0,0,1,1,0,0,0,0,0,0,0,1,0,1,0,0
Influenza,1,1,1,1,0,0,1,1,0,0,1,0,0,0,1,1,0,0,0,1
Influenza,1,0,1,1,0,1,1,1,0,1,0,0,0,0,1,1,0,1,0,1
Influenza,1,1,1,1,0,0,0,1,0,0,0,0,1,0,0,0,0,0,0,1
Influenza,1,1,1,0,0,1,1,1,0,0,0,1,0,0,0,1,0,1,0,1
Influenza,1,1,0,1,0,0,1,0,0,1,1,0,1,0,0,0,0,1,1,1
Influenza,1,1,0,1,1,0,1,1,1,0,1,1,0,0,0,0,0,0,1,1
Influenza,1,0,1,1,0,0,0,1,0,0,1,0,1,0,0,0,0,0,0,0
Influenza,1,1,0,1,1,0,0,1,1,0,1,0,0,0,0,1,0,1,0,0
Influenza,1,0,1,1,1,0,0,1,0,0,0,0,0,0,1,1,0,0,0,0
Influenza,1,0,0,1,0,0,0,1,0,0,0,1,0,0,0,0,0,1,0,0
Influenza,0,0,1,1,0,0,0,1,0,1,0,0,1,0,1,1,0,1,0,1
Influenza,1,0,0,1,0,1,0,1,0,1,0,0,1,1,1,0,0,0,0,1
Influenza,0,1,1,0,0,1,1,1,0,0,1,0,1,0,0,1,0,1,0,1
Influenza,1,1,1,1,1,0,1,1,0,0,0,0,0,0,0,1,0,0,0,1
Influenza,1,1,0,1,0,0,1,1,0,0,1,1,1,0,0,0,0,1,0,1
Influenza,1,1,1,1,0,0,1,1,0,0,1,1,0,0,0,0,0,1,0,0
Influenza,1,1,0,1,1,0,0,1,0,0,0,1,1,0,1,1,0,1,0,0
Influenza,1,1,0,0,0,1,0,1,0,0,0,0,0,0,1,1,1,1,0,0
Influenza,1,1,1,1,0,1,1,1,0,0,0,0,0,0,1,1,0,0,0,1
Influenza,1,1,1,1,0,0,0,0,0,1,0,1,0,0,1,1,0,0,0,1
Influenza,1,1,0,0,1,0,0,1,0,1,0,0,1,0,0,1,1,1,0,1
Influenza,1,0,1,1,1,1,0,0,0,0,0,0,0,0,1,1,1,1,0,1
Influenza,1,1,1,1,0,0,0,0,0,0,0,0,1,0,0,1,0,1,0,0
Influenza,1,0,1,1,0,0,0,1,0,0,0,0,1,0,0,1,0,0,0,1
Influenza,1,1,1,1,1,0,1,0,1,0,0,0,0,0,0,1,0,1,0,1
Influenza,1,0,0,1,0,0,0,1,0,0,0,0,0,0,0,0,1,1,1,1
Influenza,1,1,0,0,0,1,1,1,0,1,1,1,1,0,1,1,0,1,0,0
Influenza,1,1,0,1,1,0,1,1,1,0,0,0,1,0,1,1,0,1,0,0
Influenza,0,1,0,1,0,0,1,0,0,0,0,0,1,0,1,1,0,0,0,1
Influenza,1,0,1,0,0,0,0,1,0,0,0,0,0,0,0,0,0,0,0,1
Influenza,1,0,1,1,0,0,0,0,0,0,1,0,1,0,1,1,0,0,0,1
Influenza,0,0,1,1,1,1,1,0,0,0,0,0,0,0,1,1,0,1,0,1
Influenza,1,0,1,1,0,0,0,1,0,0,0,0,0,0,1,1,0,0,0,0
Influenza,1,1,1,1,0,0,1,1,0,1,0,0,1,0,1,1,1,1,0,1
Influenza,1,0,1,1,0,0,0,1,0,0,1,1,0,0,0,1,0,0,0,1
Influenza,1,1,0,0,1,0,0,1,1,0,1,0,0,0,1,0,0,1,0,0
Influenza,1,1,0,1,1,1,1,1,0,0,0,0,1,0,1,0,0,1,0,1
Influenza,1,1,1,1,0,0,0,1,1,1,0,0,0,0,0,0,0,0,0,0
Influenza,1,1,1,1,1,0,0,1,0,0,0,1,1,0,0,1,0,1,0,0
Influenza,1,1,0,0,0,0,1,0,0,0,1,0,0,0,1,1,0,0,0,0
Influenza,1,1,0,1,1,0,0,1,0,0,1,0,1,0,0,0,1,0,0,0
Influenza,1,1,1,1,0,0,0,1,0,0,0,0,1,0,0,1,0,0,0,1
Influenza,1,1,0,1,0,0,0,1,0,0,0,0,0,0,0,0,0,1,1,0
Influenza,1,1,1,1,1,0,0,1,0,1,0,0,0,0,0,1,0,1,0,0
Influenza,1,0,0,1,0,0,1,1,0,0,0,0,0,0,0,1,0,0,0,1
Influenza,0,1,0,1,0,0,0,0,0,1,0,0,0,0,1,1,0,1,0,0
Influenza,1,1,1,1,0,0,0,1,1,1,1,1,1,0,1,1,0,0,0,0
Influenza,1,1,1,1,1,1,0,1,0,0,1,0,0,0,0,1,0,1,0,1
Influenza,1,1,0,0,0,0,1,1,0,0,0,0,0,0,1,1,0,1,0,1
Influenza,1,1,1,1,0,0,1,1,0,0,1,0,1,0,0,1,0,1,0,0
Influenza,1,1,0,1,0,0,0,1,0,0,1,0,1,0,0,1,0,1,0,0
Influenza,1,1,1,1,0,0,0,1,0,0,0,0,0,0,1,1,0,0,0,0
Influenza,1,1,0,0,0,1,1,0,0,0,1,0,0,0,0,0,0,0,0,0
Influenza,1,1,1,1,0,0,1,1,0,0,0,0,0,0,0,0,0,0,0,0
Influenza,1,0,0,1,0,0,0,0,1,1,0,1,1,0,0,0,0,1,0,1
Influenza,1,0,1,1,0,0,1,1,0,0,0,0,1,0,1,1,0,1,0,1
Influenza,1,1,1,0,0,0,0,1,0,1,0,0,0,0,0,1,0,1,0,1
Influenza,0,1,1,0,1,0,0,0,0,0,0,0,1,0,1,0,0,0,0,1
Influenza,1,1,0,1,1,0,1,1,0,0,0,0,0,0,0,1,1,0,0,1
Influenza,1,0,1,1,1,0,1,1,0,0,0,0,1,0,1,0,0,1,0,1
Influenza,1,1,1,1,0,0,0,1,0,0,1,0,1,0,0,1,0,0,0,0
Influenza,1,1,1,1,0,1,0,1,0,1,0,0,0,0,1,1,0,0,0,0
Influenza,1,0,0,1,0,0,1,1,0,0,1,0,0,0,0,1,0,0,0,0
Influenza,1,1,1,1,0,0,0,0,0,0,1,1,0,0,0,1,1,1,0,1
Migraine,1,1,0,0,0,1,0,0,0,0,0,0,1,0,0,0,0,0,0,0
Migraine,0,1,0,0,1,1,0,0,0,0,0,0,0,0,0,0,0,0,0,0
Migraine,0,1,0,0,1,1,0,1,0,0,0,0,0,0,0,0,0,1,0,0
Migraine,0,0,0,0,1,1,0,0,0,0,0,1,0,0,0,0,0,1,0,0
Migraine,0,1,0,0,1,0,0,0,0,0,0,1,0,0,0,0,0,0,0,0
Migraine,0,1,0,0,1,0,0,0,0,0,0,0,0,0,0,0,0,0,0,0
Migraine,0,1,0,1,0,0,0,0,0,0,0,1,0,0,0,1,0,0,0,0
Migraine,0,1,0,1,1,0,0,0,0,0,0,0,0,0,0,0,0,1,0,0
Migraine,0,1,0,1,1,0,0,1,0,0,0,0,0,0,0,0,0,1,0,0
Migraine,0,1,0,1,0,0,0,0,0,0,0,1,0,0,0,0,0,1,0,0
Migraine,0,1,1,1,0,0,0,1,0,0,0,0,0,0,0,1,0,0,0,0
Migraine,0,1,0,0,1,0,0,1,0,0,0,0,0,0,0,0,0,0,0,1
Migraine,0,1,0,1,0,1,0,0,0,0,1,0,0,0,0,0,0,0,0,0
Migraine,0,1,0,1,1,0,0,0,0,0,0,1,0,0,0,0,0,0,0,0
Migraine,0,1,0,1,1,0,0,0,0,0,0,0,0,0,0,0,0,1,0,0
Migraine,0,1,0,0,0,1,0,0,0,0,0,1,0,0,0,1,0,1,0,0
Migraine,0,1,0,1,0,1,0,0,1,0,0,0,0,0,0,0,1,0,0,0
Migraine,0,1,0,1,1,0,0,0,0,1,0,0,0,0,0,0,0,1,0,1
Migraine,0,1,0,0,1,1,0,0,0,0,0,1,0,0,0,0,0,0,0,0
Migraine,0,1,0,0,1,0,0,0,0,0,0,1,0,0,0,0,0,0,0,0
Migraine,1,1,0,1,0,0,0,0,0,0,0,0,0,1,0,0,0,0,0,0
Migraine,0,1,0,0,1,0,0,0,0,0,0,1,0,0,0,0,0,0,0,0
Migraine,0,1,0,1,0,0,0,1,0,1,0,0,0,0,0,0,1,0,0,0
Migraine,0,0,0,0,0,0,0,0,1,0,0,0,0,0,1,0,0,0,0,0
Migraine,0,1,0,0,1,0,0,0,1,0,0,0,0,1,1,0,0,0,0,1
Migraine,1,1,0,0,1,0,0,0,0,0,0,0,1,0,0,0,0,0,0,0
Migraine,0,1,0,0,1,1,0,0,1,0,0,0,0,0,0,0,0,0,0,0
Migraine,0,1,0,0,1,0,0,0,1,0,0,0,0,0,0,0,0,0,0,1
Migraine,1,1,0,0,1,1,0,0,1,1,0,1,0,0,0,1,0,1,0,1
Migraine,0,1,0,1,0,0,0,0,0,0,0,1,0,0,0,0,0,0,0,0
Migraine,0,1,0,0,0,1,0,0,0,0,0,0,0,0,0,0,1,0,0,0
Migraine,0,1,0,1,1,1,0,0,0,0,0,0,0,0,0,0,0,1,0,0
Migraine,1,1,0,1,1,1,1,0,0,0,0,0,0,0,0,0,0,1,0,0
Migraine,0,1,1,1,0,1,0,0,0,0,1,0,0,0,0,0,0,0,0,0
Migraine,0,1,0,0,1,1,0,0,0,0,0,1,0,0,0,0,0,1,0,1
Migraine,0,1,0,0,0,1,0,0,0,0,0,0,0,0,0,0,0,0,0,0
Migraine,0,1,0,0,1,0,0,0,0,0,0,0,0,0,0,0,0,1,0,0
Migraine,1,1,0,0,1,1,0,0,1,0,0,1,0,0,0,0,0,0,0,0
Migraine,0,1,0,1,1,1,0,0,0,0,0,0,0,0,1,0,0,0,0,0
Migraine,0,1,0,0,0,1,0,0,0,0,0,0,1,0,0,0,0,0,0,0
Migraine,0,1,0,0,1,0,0,0,0,0,0,0,0,1,0,0,0,0,0,0
Migraine,0,1,0,0,0,1,0,0,0,0,0,0,0,0,0,1,0,0,0,0
Migraine,0,1,0,0,0,1,0,1,0,0,0,1,0,0,0,0,1,1,0,1
Migraine,0,1,0,0,1,1,0,1,0,0,0,0,0,0,0,0,0,0,0,0
Migraine,0,0,0,0,1,0,0,0,0,0,1,1,0,1,0,0,0,0,0,0
Migraine,1,1,0,1,1,1,0,0,0,0,0,1,0,0,0,0,0,0,0,0
Migraine,0,1,0,1,1,0,1,0,0,0,0,0,0,0,0,0,0,1,0,0
Migraine,0,1,0,1,0,0,0,0,1,1,0,0,0,1,0,1,0,0,0,0
Migraine,0,1,0,1,1,0,0,1,0,0,0,1,0,0,0,0,0,0,0,0
Migraine,0,1,0,0,1,0,0,1,0,0,0,1,0,0,0,0,0,0,0,0
Migraine,0,1,0,0,0,0,0,0,1,0,0,1,0,1,0,0,0,0,0,1
Migraine,0,1,0,1,1,1,0,0,0,0,0,1,0,0,0,0,0,0,0,0
Migraine,0,1,0,1,0,1,0,0,0,0,0,1,0,0,1,0,0,0,0,1
Migraine,0,1,0,1,1,0,0,0,1,0,0,1,0,0,0,0,0,0,0,1
Migraine,0,1,0,0,1,1,0,0,0,0,0,1,0,0,0,1,0,1,0,0
Migraine,0,1,0,0,1,0,0,1,0,0,0,0,0,1,0,0,0,0,0,0
Migraine,0,1,1,0,0,0,0,0,0,0,0,0,0,1,0,0,0,1,0,0
Migraine,0,1,0,0,1,1,0,0,1,0,0,1,0,0,0,0,0,0,0,1
Migraine,0,1,0,1,1,1,0,0,0,0,0,0,1,0,0,0,0,0,0,0
Migraine,0,1,0,0,0,0,0,0,0,0,0,1,0,0,0,0,0,0,1,1
Migraine,0,1,1,0,1,0,0,0,0,0,0,1,0,1,0,0,0,1,0,0
Migraine,0,1,0,1,0,1,0,0,0,0,0,1,0,0,0,0,0,0,0,0
Migraine,0,1,0,0,1,0,0,0,0,0,0,0,0,0,0,0,0,1,0,0
Migraine,0,1,0,1,1,0,0,1,0,0,0,1,0,0,0,0,0,0,0,1
Migraine,1,1,0,0,1,0,0,0,0,0,1,1,0,0,0,0,0,0,0,0
Migraine,0,1,0,0,0,0,0,0,0,0,0,0,0,0,0,0,0,1,0,0
Migraine,0,1,0,0,1,0,0,0,0,0,0,0,0,0,0,0,0,1,0,0
Migraine,1,1,0,0,1,1,0,0,0,0,1,0,0,0,0,1,0,1,0,0
Migraine,0,1,0,0,0,1,0,1,0,0,0,1,0,0,0,0,0,0,0,1
Migraine,0,1,0,0,1,0,0,0,1,0,0,0,0,0,0,0,0,0,0,0
Migraine,0,1,0,0,0,0,0,0,0,0,1,1,0,0,0,0,0,0,0,0
Migraine,0,1,0,0,1,0,0,0,0,0,0,0,1,0,0,0,0,0,0,1
Migraine,0,1,0,1,0,0,0,1,0,0,0,1,0,0,0,0,0,1,0,0
Migraine,0,1,0,1,1,0,0,0,0,0,0,1,0,0,0,0,0,0,0,0
Migraine,0,1,0,1,0,1,0,0,0,0,0,1,0,0,0,0,0,0,0,0
Migraine,0,1,0,0,1,1,0,0,0,0,0,0,0,0,0,0,0,0,0,0
Migraine,1,1,0,0,1,0,0,0,0,0,0,1,0,0,0,0,1,0,0,0
Migraine,0,1,0,1,1,0,0,0,0,1,0,0,0,0,0,0,1,0,0,0
Migraine,1,1,0,1,1,0,1,1,0,0,0,1,0,0,1,0,0,0,0,0
Migraine,0,1,0,1,0,1,0,0,0,0,0,1,0,0,0,1,0,0,0,0
Migraine,0,1,0,0,1,0,1,0,1,0,0,0,0,0,0,0,0,0,0,1
Migraine,0,0,0,1,1,0,0,0,1,0,0,1,0,0,0,0,0,0,0,0
Migraine,0,1,0,0,0,0,0,0,1,0,0,1,1,0,1,0,1,0,0,0
Migraine,0,0,0,1,1,0,0,0,0,0,0,1,0,0,0,0,0,0,0,0
Migraine,1,1,1,1,1,0,0,0,0,0,0,0,0,0,0,0,0,0,0,0
Migraine,0,1,0,1,1,0,0,0,0,0,0,0,0,1,0,0,0,1,1,1
Migraine,0,1,0,1,1,1,0,0,1,0,0,1,0,0,0,0,1,1,0,1
Migraine,0,1,0,1,0,1,0,0,1,0,0,0,0,0,0,0,0,1,0,0
Migraine,0,1,0,0,1,0,1,0,0,0,0,0,0,0,0,0,0,0,0,0
Migraine,0,1,0,1,1,0,0,0,0,0,0,0,0,0,0,0,0,0,0,0
Migraine,0,1,0,0,1,0,0,0,0,0,0,0,0,0,1,0,0,1,0,0
Migraine,0,1,0,0,1,1,0,0,0,0,0,1,0,1,1,0,0,0,0,0
Migraine,1,1,0,1,0,0,0,0,0,0,0,1,0,0,0,0,0,0,0,0
Migraine,0,1,1,0,1,0,0,0,0,0,0,0,0,1,0,0,0,0,0,1
Migraine,0,1,0,0,1,1,0,0,0,0,0,1,0,0,0,0,0,1,0,0
Migraine,0,1,0,0,1,1,0,0,0,0,0,0,0,0,0,0,0,0,0,0
Migraine,0,1,0,0,1,0,0,0,0,0,0,1,1,0,0,1,0,0,0,0
Migraine,0,1,0,1,0,0,0,0,0,0,0,1,0,0,0,0,1,0,0,0
Migraine,0,1,0,0,1,0,1,1,0,0,0,1,0,0,0,1,0,0,0,1
Migraine,0,1,0,1,0,1,0,0,0,0,0,0,0,0,0,0,0,1,0,0
Migraine,0,1,0,1,1,0,0,0,0,0,0,0,0,0,0,0,0,0,0,0
Migraine,0,0,0,1,0,0,0,0,0,1,0,1,0,0,0,0,0,1,0,1
Migraine,0,0,0,0,0,0,0,0,0,0,1,1,0,0,0,0,0,0,0,0
Migraine,0,1,0,1,1,0,1,0,0,1,0,0,0,0,0,0,0,0,0,0
Migraine,0,1,0,0,0,0,0,1,0,0,0,1,0,0,0,1,0,0,1,0
Migraine,0,0,1,1,1,1,0,0,0,0,0,0,0,0,0,0,0,0,0,0
Migraine,0,1,0,0,1,0,0,0,1,0,0,0,0,0,0,0,0,1,0,0
Migraine,0,1,0,0,1,1,0,0,0,0,0,1,0,0,0,0,0,0,0,0
Migraine,0,1,0,1,0,0,0,0,0,0,0,0,0,1,0,0,0,0,0,0
Migraine,0,1,0,1,1,0,0,0,0,0,0,0,0,0,1,0,0,0,0,0
Migraine,0,1,0,1,0,0,0,0,0,0,0,0,0,0,0,0,0,0,0,0
Migraine,0,1,0,0,1,1,0,0,0,0,0,0,0,0,0,0,0,1,0,0
Migraine,0,1,0,1,1,1,0,0,0,0,0,1,0,0,0,0,0,0,0,1
Migraine,0,1,0,0,0,0,0,0,0,0,0,1,0,1,0,0,0,1,0,0
Migraine,0,1,0,0,1,1,0,0,0,0,0,0,0,0,0,0,0,1,0,0
Migraine,0,1,0,0,1,0,0,0,0,0,0,0,0,0,0,0,1,0,1,0
Migraine,0,1,0,1,1,1,0,0,1,0,0,0,0,0,0,0,0,0,0,0
Migraine,0,0,0,0,1,1,0,0,0,1,1,0,1,0,0,0,0,0,0,0
Migraine,0,1,0,1,1,1,0,0,0,0,0,0,0,1,0,0,0,0,0,0
Migraine,0,1,0,1,1,0,0,0,0,0,0,0,0,0,0,1,0,1,0,0
Migraine,0,1,0,0,1,0,0,1,1,0,0,1,1,1,0,1,0,1,0,0
Migraine,0,1,0,0,1,1,0,0,1,0,0,1,0,0,0,0,0,0,0,0
Migraine,0,1,0,1,1,0,0,0,0,0,0,1,0,0,1,0,0,0,0,0
Migraine,0,1,0,1,0,1,0,0,0,0,1,0,0,0,0,1,0,0,0,0
Migraine,0,1,0,1,1,0,0,0,0,0,0,0,1,0,0,0,1,0,0,1
Migraine,0,1,0,1,0,0,0,0,1,0,0,1,0,0,0,0,0,0,0,0
Migraine,0,1,0,0,1,1,0,1,0,1,0,1,0,0,0,0,0,1,0,0
Migraine,0,0,0,1,0,0,0,0,0,0,0,1,0,0,0,0,0,0,0,0
Migraine,0,1,0,1,0,1,0,0,0,0,0,0,0,0,0,0,0,1,0,0
Migraine,0,1,0,0,1,1,0,0,0,0,0,1,0,0,0,0,0,0,0,0
Migraine,0,1,0,1,0,1,0,0,0,0,0,0,1,0,0,0,0,0,0,0
Migraine,0,1,0,0,0,0,0,0,0,0,0,1,1,0,0,0,0,0,0,0
Migraine,0,1,0,1,1,0,0,0,0,0,0,1,1,0,0,0,0,0,0,0
Migraine,1,1,0,1,1,0,0,0,0,0,0,1,0,0,0,0,0,0,0,0
Migraine,0,1,0,0,1,1,0,0,0,0,0,0,0,0,0,0,0,0,0,0
Migraine,0,1,0,0,1,0,0,0,0,0,0,0,1,0,0,0,1,0,0,0
Migraine,0,1,0,0,1,1,0,0,0,0,0,1,0,1,0,0,0,1,0,1
Migraine,0,1,0,0,0,1,1,0,0,0,0,1,0,0,0,0,0,0,0,0
Migraine,0,1,0,0,1,1,0,0,0,0,0,0,0,0,0,0,0,1,0,0
Migraine,0,1,0,0,0,0,0,0,0,0,0,0,0,0,0,0,0,0,0,0
Migraine,0,1,0,0,1,0,0,0,0,1,0,0,0,0,0,0,0,0,0,0
Migraine,0,1,0,0,0,1,0,0,0,0,0,0,1,0,0,0,1,0,1,0
Migraine,0,1,0,0,0,1,0,0,0,0,0,0,0,1,1,0,0,0,0,0
Migraine,0,1,0,1,0,0,0,0,0,0,1,0,1,0,0,0,0,0,0,0
Migraine,0,1,0,0,0,0,0,0,1,0,0,1,0,0,0,0,0,1,0,0
Migraine,0,1,0,0,1,1,0,1,0,0,0,1,0,0,0,0,0,1,0,0
Migraine,1,1,0,1,0,0,0,0,0,0,0,1,1,0,0,0,0,0,0,0
Migraine,0,1,0,0,0,0,0,0,0,0,0,1,0,0,0,1,0,1,0,0
Migraine,0,1,0,1,0,0,0,0,0,0,0,0,0,0,0,0,0,0,0,0
Migraine,0,1,0,1,1,0,0,1,0,0,0,1,0,0,1,0,0,0,0,0
Allergy,0,0,1,0,0,0,0,0,0,1,1,0,0,0,1,0,0,0,0,0
Allergy,0,1,0,1,0,0,0,0,0,0,0,0,0,0,0,0,0,0,0,0
Allergy,0,0,1,1,0,0,0,0,0,1,0,1,0,1,1,1,0,1,0,0
Allergy,0,0,1,0,0,0,0,0,0,0,0,0,0,1,1,0,0,0,1,0
Allergy,0,0,0,0,0,0,1,0,0,0,1,0,0,0,0,0,0,0,0,0
Allergy,0,0,0,0,0,0,0,0,1,0,0,0,0,0,1,0,0,0,0,0
Allergy,0,1,0,0,0,0,0,1,0,0,0,0,0,1,0,0,0,0,0,0
Allergy,0,0,0,0,1,0,0,0,0,0,1,0,0,0,1,0,0,0,0,0
Allergy,0,1,1,1,0,0,0,0,0,0,0,0,0,0,1,0,0,0,0,0
Allergy,0,1,1,1,0,0,0,0,0,0,0,0,0,1,1,0,0,0,0,1
Allergy,0,0,1,0,0,0,0,0,0,0,1,0,0,1,1,0,0,1,0,0
Allergy,0,1,1,0,0,0,1,1,0,0,0,1,0,1,1,0,0,0,0,0
Allergy,0,0,0,0,0,0,0,0,1,0,0,0,0,1,1,0,0,0,0,0
Allergy,0,0,0,1,0,0,0,0,0,0,0,0,0,1,1,0,0,0,0,0
Allergy,0,0,0,0,0,0,0,0,0,0,0,0,0,0,1,0,0,0,0,0
Allergy,0,0,0,1,0,0,0,0,0,0,0,0,0,1,1,0,0,0,0,0
Allergy,0,0,0,0,0,0,0,0,0,0,0,0,0,0,0,0,0,0,0,0
Allergy,0,1,1,1,0,0,0,0,0,0,0,0,0,0,1,0,0,0,1,0
Allergy,0,0,1,1,0,0,0,0,0,0,0,0,0,1,0,0,0,0,0,0
Allergy,0,0,0,0,0,0,0,0,0,0,1,0,0,0,1,0,0,0,0,0
Allergy,0,0,0,1,0,0,1,1,0,0,1,0,0,0,1,0,0,0,0,0
Allergy,0,0,0,0,0,1,0,0,0,0,0,0,0,0,1,0,1,0,0,0
Allergy,0,0,0,0,1,0,0,0,0,0,0,0,0,0,1,0,0,0,0,0
Allergy,1,1,0,0,0,0,0,0,0,0,1,0,0,0,1,1,0,0,0,0
Allergy,0,1,1,0,0,0,0,0,0,1,0,0,0,1,1,1,0,1,0,0
Allergy,0,1,1,0,0,0,1,0,0,0,0,0,0,0,1,0,0,0,0,1
Allergy,0,0,1,0,0,0,0,0,1,0,0,0,0,1,1,0,0,0,1,0
Allergy,0,0,0,0,0,0,1,0,0,0,1,0,0,1,1,0,0,0,0,0
Allergy,0,0,0,0,0,0,0,0,1,0,0,0,0,0,0,0,0,0,0,0
Allergy,0,1,0,0,0,0,0,0,1,0,1,0,0,1,0,0,0,0,0,0
Allergy,0,1,0,0,0,0,1,1,0,0,0,0,0,1,0,0,0,0,0,0
Allergy,1,0,0,1,0,0,0,0,1,0,0,0,0,0,0,0,0,0,0,0
Allergy,0,0,0,1,0,0,0,1,0,0,0,0,0,1,1,0,0,0,0,0
Allergy,0,1,0,0,0,0,0,0,0,0,0,0,0,0,0,0,0,0,0,0
Allergy,0,0,0,1,0,0,0,0,0,0,1,0,0,1,1,0,0,0,0,0
Allergy,0,0,1,0,0,1,0,0,0,0,0,1,0,1,1,1,0,0,1,0
Allergy,0,0,0,0,0,0,0,0,0,0,0,0,0,1,1,0,0,1,0,0
Allergy,0,0,1,1,0,0,1,0,0,0,0,0,1,0,1,0,0,0,1,0
Allergy,0,0,0,1,0,0,0,0,0,0,0,0,1,1,1,1,0,0,1,0
Allergy,0,0,0,0,0,0,0,1,1,0,0,0,0,0,0,0,0,0,0,0
Allergy,0,0,1,0,0,0,0,1,0,0,0,0,0,0,1,0,0,0,0,0
Allergy,0,0,0,0,0,0,1,0,0,0,1,0,0,1,0,0,0,0,0,0
Allergy,0,0,0,0,0,0,0,0,0,0,0,0,0,1,1,0,1,1,0,0
Allergy,0,0,0,1,0,0,0,0,0,0,0,0,0,0,1,1,0,0,0,0
Allergy,0,0,0,1,0,0,0,0,0,0,0,1,0,1,1,0,1,0,0,0
Allergy,1,0,0,1,0,0,1,0,0,0,0,0,0,1,1,0,0,0,0,0
Allergy,0,0,1,1,0,0,0,0,0,0,0,0,0,1,1,1,0,0,0,1
Allergy,0,1,0,0,0,0,1,0,0,0,1,1,0,0,0,1,0,0,0,0
Allergy,0,0,0,1,0,0,0,0,0,0,0,0,0,1,1,0,0,0,0,0
Allergy,0,0,1,1,0,0,0,0,0,0,0,0,0,0,0,0,0,0,0,0
Allergy,0,0,0,1,0,1,0,0,0,0,0,0,0,1,1,1,0,0,0,1
Allergy,0,0,0,1,0,0,0,0,0,0,0,0,0,0,1,0,0,0,0,0
Allergy,0,0,0,1,0,0,0,0,0,0,1,0,0,0,1,0,0,0,0,0
Allergy,0,0,1,1,0,0,1,0,0,0,1,0,0,1,0,0,0,0,0,0
Allergy,0,0,1,0,0,1,1,0,1,0,0,0,0,1,1,0,0,0,0,0
Allergy,0,1,1,0,0,0,0,0,0,0,0,0,0,1,0,0,0,1,0,0
Allergy,0,0,1,1,0,0,1,0,0,0,0,0,0,1,1,0,0,0,0,1
Allergy,0,1,0,1,0,0,0,0,0,1,1,1,0,1,0,0,0,1,0,0
Allergy,0,0,1,0,0,0,0,0,1,0,1,1,0,1,1,0,0,0,0,0
Allergy,0,0,0,0,0,0,0,0,0,0,1,0,0,1,1,1,0,0,0,0
Allergy,0,0,0,0,0,0,0,0,0,0,0,0,0,1,1,0,0,0,0,0
Allergy,0,0,0,1,0,0,0,0,0,0,1,1,1,0,1,0,0,0,0,0
Allergy,1,0,1,0,0,1,0,0,1,0,0,0,0,1,1,0,0,0,0,0
Allergy,0,0,1,0,0,0,1,0,0,0,1,1,0,1,0,0,0,0,0,0
Allergy,0,0,0,0,0,0,0,0,0,0,1,0,0,1,1,0,0,0,0,0
Allergy,0,0,0,1,0,0,0,1,0,0,0,0,1,0,0,0,0,0,0,1
Allergy,0,0,0,0,0,0,1,0,0,0,0,0,0,1,1,0,0,1,0,1
Allergy,0,0,0,0,0,0,0,0,0,0,1,0,0,1,0,0,0,0,0,0
Allergy,0,1,0,1,0,0,0,0,1,0,0,0,0,1,1,0,0,0,0,0
Allergy,0,0,1,0,0,0,1,0,0,0,1,0,1,0,0,0,0,0,0,0
Allergy,0,0,1,0,0,0,0,0,0,0,1,0,0,1,0,0,0,0,0,0
Allergy,0,0,0,1,0,0,0,0,0,0,0,0,0,0,1,0,0,0,0,0
Allergy,0,0,1,1,0,0,0,0,1,0,1,0,0,1,1,0,1,0,0,0
Allergy,0,0,0,1,0,0,0,0,0,0,0,0,0,1,1,0,0,0,0,0
Allergy,1,0,1,0,0,0,0,0,0,0,0,0,1,1,1,1,1,0,0,0
Allergy,0,1,0,1,0,0,1,0,0,0,0,0,0,0,0,0,1,0,0,0
Allergy,0,0,0,0,1,0,0,0,0,0,0,0,0,1,1,0,0,1,0,0
Allergy,0,0,1,0,0,0,0,1,1,0,1,0,0,1,1,1,1,0,0,0
Allergy,0,0,0,0,0,1,0,1,0,1,1,0,0,0,1,0,0,0,0,1
Allergy,0,1,1,1,0,0,1,0,0,0,0,0,0,1,0,0,0,1,0,1
Allergy,0,0,1,0,1,0,0,1,0,0,0,0,0,1,0,0,0,0,1,0
Allergy,0,0,0,1,0,1,0,1,0,0,0,0,0,0,1,0,0,1,0,0
Allergy,0,0,0,0,0,0,1,0,0,0,0,0,0,1,0,0,0,0,0,0
Allergy,0,0,0,0,0,0,0,0,1,0,0,0,0,0,1,0,0,0,0,0
Allergy,0,0,1,0,0,0,1,0,0,0,0,0,0,1,1,1,0,1,1,0
Allergy,0,0,0,0,0,0,0,0,0,0,1,0,0,1,1,0,0,0,0,0
Allergy,1,0,1,1,0,0,0,1,0,0,0,0,0,1,1,0,0,0,0,0
Allergy,0,0,0,1,1,0,0,0,0,0,1,1,0,0,1,0,0,0,0,0
Allergy,0,1,1,0,0,0,0,0,1,0,0,1,0,0,1,0,0,0,0,0
Allergy,0,1,0,1,0,0,1,0,0,1,0,0,1,0,1,1,0,0,0,0
Allergy,0,1,0,0,0,0,0,0,1,0,1,0,0,0,0,0,1,1,0,0
Allergy,0,0,0,1,0,0,1,1,1,0,0,0,0,1,1,0,0,0,0,1
Allergy,0,1,0,0,0,0,0,0,0,0,0,0,0,1,0,0,1,0,0,0
Allergy,0,0,0,0,1,0,0,0,0,0,0,0,0,1,1,0,0,1,0,0
Allergy,0,0,0,0,0,0,0,0,0,1,0,0,0,1,1,1,0,0,0,0
Allergy,0,0,1,0,0,0,1,0,0,0,0,1,0,0,1,0,0,0,0,0
Allergy,0,0,0,0,0,0,1,0,0,0,0,0,0,1,1,0,0,1,0,1
Allergy,0,0,0,0,0,1,0,0,0,0,1,0,0,1,0,0,1,0,0,0
Allergy,0,1,1,0,0,0,0,0,1,0,0,0,1,1,1,0,0,0,0,0
Allergy,0,0,0,0,0,0,0,0,0,1,0,0,0,1,0,0,0,0,0,0
Allergy,1,0,0,0,0,0,1,0,0,0,0,0,0,1,0,0,0,0,0,0
Allergy,0,0,1,1,1,0,0,0,0,0,0,0,0,0,1,0,1,0,0,0
Allergy,0,0,0,0,0,0,1,0,0,0,0,0,0,0,1,0,0,0,0,0
Allergy,1,0,1,0,0,1,0,0,0,0,1,0,0,0,1,0,1,0,0,0
Allergy,0,0,0,0,0,0,1,0,1,1,0,0,0,1,1,0,0,0,0,0
Allergy,0,0,1,0,0,0,0,0,0,0,0,0,0,1,1,0,0,0,0,0
Allergy,0,0,1,0,1,1,0,1,0,0,0,1,0,0,1,0,0,0,0,0
Allergy,0,0,0,0,0,0,1,0,0,0,0,0,0,1,1,0,0,1,0,0
Allergy,0,0,0,0,0,0,0,0,1,0,0,0,1,1,0,0,0,1,0,0
Allergy,0,0,0,1,0,0,0,0,0,0,0,0,0,1,1,0,0,0,1,0
Allergy,0,0,1,0,0,1,0,1,0,0,0,1,0,1,1,0,0,0,0,0
Allergy,0,0,1,0,0,0,0,0,0,0,0,0,1,0,1,0,0,0,0,0
Allergy,0,1,0,0,0,0,0,0,0,0,1,0,0,0,1,0,0,0,0,0
Allergy,0,0,1,0,0,0,0,0,0,1,1,0,0,1,1,0,0,0,0,0
Allergy,0,0,0,1,0,0,0,0,0,0,0,0,0,1,0,0,0,1,0,0
Allergy,0,0,0,0,0,0,1,0,1,0,0,1,0,1,1,0,0,0,0,0
Allergy,0,1,1,1,0,0,0,1,0,0,0,0,0,0,1,0,0,0,0,0
Allergy,1,1,0,1,0,0,0,0,0,0,0,0,0,1,1,0,0,0,0,0
Allergy,0,0,0,1,0,0,1,1,0,0,1,0,0,1,1,0,0,0,0,0
Allergy,0,0,0,1,0,0,1,0,0,0,1,0,0,0,0,0,0,0,1,0
Allergy,0,0,0,1,0,0,0,0,0,0,0,0,0,0,0,0,0,0,0,1
Allergy,0,0,1,1,0,1,0,0,0,0,1,0,0,1,1,0,0,0,0,0
Allergy,0,0,0,1,0,0,1,0,0,0,0,0,0,0,1,0,0,0,0,0
Allergy,0,0,0,0,0,1,0,0,0,0,0,0,0,1,0,0,0,0,0,0
Allergy,0,0,1,0,0,0,0,0,0,0,0,1,0,1,0,0,0,1,0,0
Allergy,0,0,1,0,0,0,0,0,0,0,1,0,0,0,1,0,0,0,0,0
Allergy,0,0,1,0,0,0,0,0,0,0,0,0,0,1,1,0,0,0,0,0
Allergy,0,0,1,0,0,1,0,1,0,0,1,1,0,0,1,0,0,1,0,0
Allergy,0,0,0,0,0,0,1,0,0,0,0,0,0,1,1,0,0,0,0,0
Allergy,0,0,0,0,0,0,0,0,0,0,0,0,0,1,1,0,0,0,0,1
Allergy,0,0,0,0,0,0,0,0,0,0,0,0,0,1,1,0,0,0,0,0
Allergy,0,0,0,0,0,1,0,0,1,0,1,0,1,1,0,1,0,1,0,0
Allergy,0,1,0,0,0,0,0,0,1,0,0,0,0,1,1,0,0,0,0,0
Allergy,0,0,1,0,0,0,0,0,0,0,0,0,0,1,1,0,0,0,0,0
Allergy,1,0,0,1,0,0,0,0,0,1,0,0,1,0,1,0,0,0,0,0
Allergy,0,0,1,0,0,0,0,0,0,0,1,0,0,0,1,0,1,0,0,0
Allergy,0,0,0,0,0,0,0,0,0,0,1,0,0,1,1,0,0,0,0,0
Allergy,0,0,1,0,0,0,0,1,0,0,0,0,0,1,1,0,0,0,0,0
Allergy,0,1,0,0,0,0,0,0,0,0,0,0,0,0,1,0,0,0,0,0
Allergy,0,0,0,1,0,0,0,0,0,0,0,0,1,0,1,0,1,0,0,0
Allergy,0,0,0,0,0,0,1,0,0,0,0,1,0,0,1,0,0,0,0,0
Allergy,0,0,0,1,0,0,0,0,0,0,1,0,0,1,0,0,0,0,0,1
Allergy,0,0,1,0,0,0,0,0,0,0,1,0,0,0,1,0,0,0,0,0
Allergy,0,0,0,1,0,0,0,0,0,0,1,0,0,0,1,0,0,0,0,1
Allergy,0,1,0,0,0,0,0,0,0,0,1,0,0,1,1,0,0,0,0,0
Allergy,0,0,0,1,0,0,0,0,0,0,0,0,0,0,0,1,1,0,0,0
Allergy,1,0,1,0,0,0,0,0,0,0,0,1,0,1,1,0,0,0,0,0
Allergy,0,0,0,1,0,0,1,0,0,0,0,1,0,1,0,0,0,0,0,0
Allergy,1,0,1,1,0,0,0,0,0,0,0,1,0,0,0,0,0,0,0,0
Allergy,0,0,0,1,0,0,0,0,0,0,0,0,0,0,1,0,0,0,0,0
Gastroenteritis,0,0,0,1,1,0,0,1,0,0,0,0,0,1,0,1,1,0,1,0
Gastroenteritis,1,0,0,0,1,1,0,0,1,1,0,0,0,0,0,1,1,1,1,1
Gastroenteritis,1,0,1,0,1,1,0,0,0,0,0,0,0,0,0,1,0,1,1,0
Gastroenteritis,0,0,0,1,0,0,0,0,1,0,0,1,0,1,0,1,1,1,1,0
Gastroenteritis,0,1,0,0,1,1,0,0,0,0,0,1,0,0,0,0,1,1,1,0
Gastroenteritis,1,0,0,0,1,0,0,0,1,0,0,0,0,0,0,0,1,0,1,0
Gastroenteritis,0,0,0,0,1,0,0,0,1,1,0,0,0,0,0,1,1,0,1,0
Gastroenteritis,0,1,0,0,1,1,0,0,1,0,0,1,0,0,0,0,1,1,1,0
Gastroenteritis,0,0,0,1,1,1,0,0,1,0,0,0,0,0,0,1,1,0,1,0
Gastroenteritis,0,1,1,0,1,1,0,0,1,0,0,0,0,0,0,0,1,1,1,0
Gastroenteritis,1,0,0,0,1,1,0,1,1,0,0,0,0,0,0,0,1,1,1,0
Gastroenteritis,1,0,0,1,1,1,0,1,1,0,0,0,0,0,0,0,1,1,1,0
Gastroenteritis,1,0,0,0,0,1,0,0,0,0,0,0,1,0,0,0,1,1,0,0
Gastroenteritis,1,0,0,1,0,0,0,0,1,0,0,0,0,0,1,0,1,1,1,0
Gastroenteritis,0,0,0,0,1,1,0,0,0,0,0,0,0,0,0,0,1,0,1,1
Gastroenteritis,0,0,0,0,0,1,0,0,1,0,0,0,0,0,1,0,1,1,1,0
Gastroenteritis,1,0,0,1,1,1,0,1,1,0,0,0,0,0,0,0,1,1,1,0
Gastroenteritis,0,1,0,0,1,1,0,1,1,0,0,0,0,0,0,1,1,1,0,1
Gastroenteritis,1,0,1,0,1,1,0,1,1,0,0,0,0,0,0,1,1,0,1,0
Gastroenteritis,1,0,0,0,0,1,0,0,1,0,0,1,0,0,0,1,1,1,0,0
Gastroenteritis,0,0,0,1,0,1,0,0,1,0,0,1,0,0,0,0,1,1,1,0
Gastroenteritis,1,0,0,1,1,0,0,1,1,0,0,0,0,0,0,0,1,1,1,1
Gastroenteritis,1,0,0,1,1,1,0,0,1,0,0,1,0,0,0,1,1,1,0,0
Gastroenteritis,1,0,0,0,1,0,0,0,0,0,0,0,0,0,0,0,1,1,0,0
Gastroenteritis,0,0,0,1,1,1,1,1,1,0,0,0,0,0,0,1,1,1,0,0
Gastroenteritis,1,0,0,1,1,1,1,0,1,0,0,0,0,0,0,0,0,1,1,0
Gastroenteritis,0,1,0,1,1,1,0,1,1,0,0,1,0,0,0,1,1,1,1,0
Gastroenteritis,0,0,0,1,1,0,0,1,0,0,0,1,0,0,1,0,1,0,1,0
Gastroenteritis,0,0,0,1,1,0,0,1,0,0,0,0,0,0,0,0,0,0,1,0
Gastroenteritis,0,1,0,1,1,1,0,0,1,0,0,0,0,0,0,0,1,1,1,0
Gastroenteritis,0,0,1,1,1,1,0,1,1,0,0,0,0,0,0,1,1,1,1,0
Gastroenteritis,0,0,0,0,1,0,0,0,1,0,0,0,1,0,0,0,1,0,1,0
Gastroenteritis,1,0,0,0,1,1,0,0,1,0,0,1,0,0,0,1,0,1,1,0
Gastroenteritis,1,0,0,1,1,0,0,0,1,0,0,0,0,0,0,0,1,1,1,0
Gastroenteritis,0,0,0,1,0,0,0,0,0,0,0,1,0,0,0,0,0,1,1,0
Gastroenteritis,0,0,0,0,1,1,0,1,0,0,0,1,1,0,0,1,1,1,1,0
Gastroenteritis,1,0,0,0,0,1,0,1,0,0,0,0,0,0,0,0,1,0,0,1
Gastroenteritis,1,0,0,1,1,1,0,0,1,0,0,1,0,1,0,0,1,1,1,0
Gastroenteritis,1,0,1,0,1,1,0,0,1,0,0,0,0,0,0,1,1,0,1,0
Gastroenteritis,1,0,0,1,1,1,0,1,1,0,0,0,0,0,0,0,1,1,0,1
Gastroenteritis,0,0,0,0,1,1,1,0,1,0,0,0,0,0,0,0,1,0,0,0
Gastroenteritis,1,0,0,1,1,0,0,0,1,0,0,1,0,0,0,1,1,0,1,0
Gastroenteritis,1,0,0,1,1,1,0,1,1,0,1,0,0,0,0,1,1,0,1,0
Gastroenteritis,1,0,0,1,0,1,0,0,1,0,0,0,0,0,0,0,1,1,1,0
Gastroenteritis,0,0,0,0,1,0,0,1,1,0,0,0,0,0,0,0,1,1,1,0
Gastroenteritis,0,0,0,1,0,0,0,0,1,0,0,1,0,0,0,0,1,1,1,0
Gastroenteritis,0,1,0,1,1,1,0,0,1,0,1,1,0,0,0,0,1,1,1,0
Gastroenteritis,0,1,0,1,1,1,0,0,0,0,0,1,0,0,0,1,1,0,1,0
Gastroenteritis,0,1,0,1,0,1,0,0,1,0,0,0,0,0,0,0,1,1,1,0
Gastroenteritis,0,0,0,0,0,0,0,0,0,0,0,0,0,0,1,1,1,1,1,0
Gastroenteritis,1,0,0,0,1,0,0,1,0,0,0,1,0,0,0,0,1,0,1,0
Gastroenteritis,1,0,0,0,1,1,0,1,1,0,0,0,0,0,0,0,1,1,1,0
Gastroenteritis,1,0,0,0,1,0,0,0,0,0,0,0,0,0,0,0,1,1,1,0
Gastroenteritis,1,0,0,1,1,1,0,0,1,1,0,0,0,0,0,0,1,1,1,0
Gastroenteritis,1,0,0,1,1,1,0,0,1,0,0,1,0,0,0,0,1,0,1,1
Gastroenteritis,0,0,0,0,1,1,1,1,1,0,0,0,0,0,1,0,0,0,0,0
Gastroenteritis,0,0,0,0,1,0,0,0,1,0,0,0,0,0,0,1,1,1,0,1
Gastroenteritis,1,0,0,0,0,1,0,0,1,0,0,0,0,0,0,0,1,0,1,0
Gastroenteritis,0,0,0,0,1,1,0,0,1,0,0,1,0,0,1,0,1,1,1,0
Gastroenteritis,0,0,0,1,0,1,0,0,1,1,0,0,0,0,1,0,1,1,1,0
Gastroenteritis,0,0,0,0,1,1,1,1,0,0,0,0,0,0,0,1,1,1,1,0
Gastroenteritis,1,0,0,1,0,1,1,0,1,0,1,1,0,0,0,0,0,1,0,0
Gastroenteritis,0,0,0,1,1,1,0,0,1,0,0,0,1,0,0,0,1,0,0,0
Gastroenteritis,0,1,0,0,1,1,0,1,0,0,0,0,0,0,0,0,1,1,1,0
Gastroenteritis,0,0,0,1,1,0,0,1,1,0,0,1,0,0,1,1,1,1,1,0
Gastroenteritis,1,0,1,1,1,1,0,0,1,0,0,1,0,0,0,1,1,0,1,0
Gastroenteritis,0,0,0,0,1,1,0,1,1,0,0,0,0,0,0,1,1,1,1,0
Gastroenteritis,0,0,0,1,0,1,1,1,1,0,0,1,0,0,0,0,1,0,1,0
Gastroenteritis,0,0,0,0,0,1,0,0,1,0,1,0,0,0,0,0,1,1,1,0
Gastroenteritis,0,0,0,1,1,0,0,0,0,0,0,1,0,0,0,0,1,1,1,1
Gastroenteritis,0,0,0,0,1,1,1,1,1,0,0,1,1,0,0,0,1,1,1,0
Gastroenteritis,1,1,1,0,1,1,0,0,1,0,0,1,0,1,0,1,1,0,1,0
Gastroenteritis,1,1,0,0,1,0,0,1,0,0,0,0,0,0,0,0,1,0,1,0
Gastroenteritis,1,0,0,1,1,1,1,0,1,0,0,0,0,0,0,0,1,0,1,0
Gastroenteritis,0,0,0,0,1,1,0,0,0,0,0,0,0,1,0,1,1,1,0,1
Gastroenteritis,1,0,0,0,1,1,0,1,0,0,0,0,0,1,0,1,1,1,1,0
Gastroenteritis,1,0,0,1,0,1,0,1,1,0,0,0,0,0,0,0,1,1,1,0
Gastroenteritis,0,0,0,1,0,0,0,0,1,0,0,0,0,0,0,0,1,1,0,0
Gastroenteritis,1,0,0,0,1,1,0,0,1,0,0,0,0,0,0,1,1,0,0,1
Gastroenteritis,0,0,0,1,1,1,0,0,1,0,0,0,0,0,0,0,1,1,1,0
Gastroenteritis,1,0,0,1,1,1,0,0,1,0,0,1,0,0,0,0,1,1,1,0
Gastroenteritis,0,0,0,1,1,0,0,0,1,0,0,0,0,0,0,0,1,1,1,1
Gastroenteritis,1,0,0,0,1,0,0,0,1,1,0,0,0,0,0,1,1,1,1,0
Gastroenteritis,1,0,0,0,0,1,0,1,1,0,0,0,0,0,0,0,1,0,1,0
Gastroenteritis,1,0,0,0,1,1,0,0,1,0,0,1,1,0,0,0,0,1,0,0
Gastroenteritis,0,1,0,1,1,1,0,1,1,0,0,0,1,0,1,0,1,1,1,0
Gastroenteritis,0,0,0,1,1,1,0,0,1,0,0,0,0,0,0,0,1,0,1,0
Gastroenteritis,1,0,0,0,1,0,0,0,1,0,1,1,0,0,0,0,0,1,0,0
Gastroenteritis,0,0,0,0,1,1,0,1,1,0,0,0,0,0,0,1,1,1,1,0
Gastroenteritis,1,0,0,0,0,1,0,1,1,1,0,0,0,0,0,1,1,1,0,0
Gastroenteritis,1,0,1,0,1,0,0,1,1,0,0,0,0,0,0,1,1,0,1,0
Gastroenteritis,0,0,0,1,1,1,0,1,1,0,0,1,0,0,0,0,1,1,1,0
Gastroenteritis,1,0,0,1,1,0,0,1,1,0,0,1,0,0,1,0,1,1,1,1
Gastroenteritis,0,0,1,1,1,1,0,0,1,0,0,0,0,0,0,1,0,1,1,0
Gastroenteritis,1,0,0,1,1,1,0,0,0,0,0,0,0,0,0,0,1,0,1,0
Gastroenteritis,0,0,0,1,1,0,0,0,1,0,0,0,0,0,0,0,0,0,1,1
Gastroenteritis,0,0,0,1,1,1,0,0,1,0,0,0,1,0,0,0,0,1,1,0
Gastroenteritis,0,0,0,1,1,0,0,1,1,0,0,0,0,0,0,0,1,0,1,1
Gastroenteritis,0,0,0,1,1,1,0,0,1,0,0,0,0,0,1,0,1,1,1,0
Gastroenteritis,1,1,0,1,0,0,0,0,1,0,0,1,0,0,0,0,1,1,1,0
Gastroenteritis,1,0,0,0,1,1,0,1,1,0,0,0,0,0,0,0,1,1,1,0
Gastroenteritis,0,0,1,1,1,1,0,1,0,0,0,1,1,0,0,0,1,1,1,0
Gastroenteritis,0,0,0,0,1,1,0,0,1,0,0,0,0,0,0,1,0,1,0,0
Gastroenteritis,0,0,0,0,1,1,0,1,1,0,0,1,1,0,0,0,1,1,0,1
Gastroenteritis,0,0,0,0,1,1,0,0,1,0,0,1,0,0,0,0,1,1,1,0
Gastroenteritis,0,0,0,1,0,1,0,0,1,0,1,0,0,0,0,0,1,1,1,0
Gastroenteritis,1,0,0,0,1,0,0,0,1,0,0,1,0,0,0,1,1,1,1,0
Gastroenteritis,1,0,0,1,1,1,0,1,1,0,0,1,0,1,0,0,1,1,1,0
Gastroenteritis,0,1,0,1,1,0,0,0,1,0,0,0,0,0,0,0,1,1,1,0
Gastroenteritis,0,1,0,1,1,1,0,0,0,0,0,0,0,0,0,1,1,1,0,1
Gastroenteritis,0,0,0,1,0,1,0,0,1,0,0,0,0,0,0,0,0,0,1,0
Gastroenteritis,0,0,0,0,1,1,0,0,1,0,0,1,0,0,1,0,1,1,1,1
Gastroenteritis,0,0,0,0,1,1,0,0,1,0,0,0,0,0,0,0,1,1,1,0
Gastroenteritis,0,1,0,1,1,1,0,0,1,0,0,1,0,0,0,0,1,1,1,1
Gastroenteritis,0,0,0,1,1,0,0,0,0,0,0,0,0,0,0,0,0,1,1,0
Gastroenteritis,1,0,0,0,1,0,0,1,0,0,0,0,1,0,0,0,1,0,1,1
Gastroenteritis,0,0,0,1,1,1,0,0,0,0,1,0,0,0,0,0,1,1,1,1
Gastroenteritis,1,0,0,0,1,1,0,1,0,0,0,1,0,0,0,1,1,1,0,1
Gastroenteritis,0,0,0,1,1,1,0,0,1,0,0,0,0,0,0,1,1,0,1,0
Gastroenteritis,1,0,0,1,1,1,0,0,1,0,0,0,0,0,0,0,1,1,0,0
Gastroenteritis,1,0,0,0,0,1,0,0,1,0,0,0,0,0,0,0,1,1,0,1
Gastroenteritis,0,0,0,1,1,1,0,0,1,0,0,0,0,0,0,0,1,1,1,0
Gastroenteritis,0,0,1,1,1,0,0,0,1,0,0,0,0,0,0,1,0,1,1,0
Gastroenteritis,0,0,0,1,1,1,1,0,1,0,0,0,0,0,0,0,1,1,1,1
Gastroenteritis,0,0,0,0,0,0,0,1,1,0,0,1,0,0,0,0,1,0,0,0
Gastroenteritis,1,0,0,0,1,0,0,1,1,0,0,0,0,0,0,1,1,0,1,0
Gastroenteritis,0,0,0,1,1,1,0,1,1,0,0,1,0,0,0,0,1,1,1,0
Gastroenteritis,0,0,0,1,1,0,0,1,1,0,0,0,0,0,0,0,1,1,1,0
Gastroenteritis,1,0,0,1,1,0,0,0,1,0,0,0,0,0,0,0,1,1,0,0
Gastroenteritis,0,0,0,0,1,1,0,0,1,0,0,1,0,0,0,0,1,1,1,0
Gastroenteritis,0,0,0,0,1,0,0,1,1,0,0,1,0,0,0,0,0,1,1,0
Gastroenteritis,1,0,0,1,1,0,0,0,0,0,1,1,0,0,0,0,1,0,1,0
Gastroenteritis,1,1,0,1,1,0,0,0,1,0,0,0,0,0,0,0,1,1,1,0
Gastroenteritis,0,0,0,0,1,1,0,0,1,0,0,1,0,0,0,0,1,0,1,0
Gastroenteritis,0,0,0,0,0,1,1,0,1,0,0,0,0,0,0,0,1,1,1,0
Gastroenteritis,0,0,0,0,1,1,0,0,0,0,0,0,0,0,0,0,0,0,1,0
Gastroenteritis,0,0,0,0,1,1,0,0,0,0,0,1,0,0,0,0,1,0,1,0
Gastroenteritis,1,0,0,0,1,1,0,0,1,0,0,0,0,0,0,1,0,0,1,0
Gastroenteritis,0,0,0,1,1,1,0,0,1,0,0,1,0,0,0,0,0,0,1,1
Gastroenteritis,1,0,1,1,1,0,0,0,1,0,0,1,0,0,0,0,0,1,1,1
Gastroenteritis,1,1,0,0,1,1,0,0,1,0,0,0,0,0,0,0,1,0,1,0
Gastroenteritis,0,0,0,1,0,1,0,1,1,0,0,0,0,0,0,0,0,1,1,0
Gastroenteritis,1,0,0,0,1,1,0,0,1,0,0,0,0,0,1,1,1,0,1,0
Gastroenteritis,1,1,0,1,1,1,0,0,1,0,0,0,0,0,0,1,1,1,1,1
Gastroenteritis,1,0,0,0,1,1,0,0,1,0,0,0,0,0,0,1,1,0,1,0
Gastroenteritis,0,0,0,1,1,1,0,0,1,0,0,1,0,0,0,0,1,1,1,0
Gastroenteritis,0,0,0,1,1,1,0,1,1,0,0,1,0,0,0,1,1,0,1,1
Gastroenteritis,0,0,0,0,1,1,0,0,1,0,0,1,0,0,0,1,1,1,1,0
Gastroenteritis,1,0,0,0,0,0,0,0,0,0,0,0,1,0,0,0,1,0,0,0
Gastroenteritis,1,0,1,0,1,0,0,0,1,0,0,0,0,0,0,0,1,0,1,0
Bronchitis,1,1,1,1,0,0,0,0,0,1,1,0,0,0,1,1,0,1,0,1
Bronchitis,1,0,1,0,0,0,0,0,1,0,1,1,1,0,0,1,0,0,0,0
Bronchitis,0,0,1,1,1,0,0,0,1,0,1,1,0,0,1,1,1,1,0,1
Bronchitis,1,1,1,1,1,0,1,1,0,0,0,0,0,1,1,1,0,0,0,0
Bronchitis,0,1,0,0,0,0,1,1,0,0,0,1,0,0,0,1,0,0,0,0
Bronchitis,1,0,1,0,0,0,0,1,0,1,1,1,0,0,1,0,0,1,0,1
Bronchitis,1,0,1,1,0,0,0,0,0,0,1,0,0,0,0,0,0,0,0,1
Bronchitis,0,0,1,0,0,0,0,0,0,0,1,0,0,0,1,0,0,0,0,0
Bronchitis,0,1,0,0,0,0,1,1,0,0,0,0,0,0,0,0,0,0,0,1
Bronchitis,1,1,1,0,0,0,1,0,0,1,1,0,0,0,0,0,0,0,0,0
Bronchitis,0,1,1,1,0,0,0,1,0,0,1,0,0,0,1,0,1,0,0,0
Bronchitis,0,0,0,1,0,0,0,1,0,0,1,0,0,0,0,1,0,0,0,0
Bronchitis,1,0,1,0,0,0,0,1,0,1,0,0,1,0,0,0,0,0,0,1
Bronchitis,0,0,1,1,1,0,0,1,0,1,1,0,0,0,0,0,0,0,0,0
Bronchitis,1,0,1,1,0,0,1,0,1,0,0,0,0,0,0,1,0,0,0,1
Bronchitis,0,0,1,1,1,0,0,0,0,1,1,1,0,0,0,0,0,0,0,0
Bronchitis,1,0,1,1,0,0,1,1,0,1,1,0,0,0,1,0,0,0,0,0
Bronchitis,1,0,0,1,0,0,0,1,0,0,0,1,0,0,0,1,0,0,0,0
Bronchitis,1,0,1,1,0,0,1,0,0,0,0,0,0,0,1,0,0,0,0,1
Bronchitis,1,1,1,1,0,0,1,0,0,1,0,1,0,0,0,0,1,0,0,0
Bronchitis,1,0,1,1,0,0,1,1,0,1,0,0,0,0,0,0,1,1,0,0
Bronchitis,1,1,1,1,0,1,1,0,0,0,1,1,0,0,1,1,0,1,0,0
Bronchitis,0,0,1,0,0,0,1,0,1,0,1,0,0,0,0,0,0,1,0,0
Bronchitis,0,0,1,1,0,0,1,0,0,1,1,0,0,0,1,1,0,0,0,0
Bronchitis,0,1,1,1,0,0,1,0,0,0,0,1,0,0,0,0,0,0,0,0
Bronchitis,1,0,1,1,1,1,1,0,0,0,1,0,0,0,0,0,0,0,0,0
Bronchitis,1,0,1,1,0,0,1,0,0,0,0,0,0,0,0,0,0,1,0,0
Bronchitis,1,0,1,1,0,0,1,1,0,1,0,0,0,0,0,0,0,0,0,1
Bronchitis,0,1,1,1,0,0,0,0,0,0,0,1,1,0,1,1,0,1,0,0
Bronchitis,0,1,1,1,0,0,1,1,0,0,0,0,0,0,1,1,0,0,0,0
Bronchitis,1,0,1,1,0,0,1,0,0,1,1,1,1,0,0,0,0,1,0,0
Bronchitis,0,0,1,1,0,0,1,1,1,1,0,0,0,0,1,1,0,0,0,0
Bronchitis,0,0,1,0,0,0,0,1,0,1,0,0,0,0,0,0,0,0,0,1
Bronchitis,1,1,1,1,1,0,1,1,0,1,1,0,0,0,0,0,0,0,0,1
Bronchitis,1,0,0,1,0,0,1,0,1,0,0,1,0,0,0,1,0,0,0,0
Bronchitis,1,0,1,0,1,0,1,0,0,1,0,0,0,0,1,0,0,1,0,0
Bronchitis,0,0,1,0,0,0,1,0,0,1,1,0,0,0,0,0,0,0,0,0
Bronchitis,0,0,1,1,0,0,1,0,0,1,0,1,0,0,1,0,0,1,0,0
Bronchitis,1,1,1,1,0,0,0,1,0,0,1,0,0,0,1,1,0,0,1,0
Bronchitis,1,0,1,0,0,0,1,1,0,0,1,0,1,0,0,0,0,0,0,0
Bronchitis,1,0,1,1,0,0,0,1,0,1,0,0,0,0,0,0,0,0,0,1
Bronchitis,1,0,1,0,0,1,0,0,0,0,1,0,0,0,0,0,1,0,0,0
Bronchitis,1,0,1,0,0,0,0,0,0,0,1,1,0,0,0,0,0,0,0,1
Bronchitis,0,0,0,1,1,0,0,0,0,0,1,0,0,0,0,1,0,0,0,0
Bronchitis,0,0,1,1,0,0,1,0,0,0,1,1,0,1,1,0,0,0,0,0
Bronchitis,1,0,1,0,0,0,1,1,0,1,0,0,0,0,0,1,0,0,0,1
Bronchitis,0,1,1,0,0,0,0,1,0,0,1,0,0,0,0,0,0,0,0,1
Bronchitis,0,0,1,1,0,0,0,0,0,0,1,0,0,0,1,0,1,1,0,0
Bronchitis,1,0,1,0,1,0,0,0,0,0,0,0,0,0,0,1,0,0,0,1
Bronchitis,0,0,1,0,0,1,0,1,1,0,1,0,0,0,0,0,0,0,0,0
Bronchitis,1,0,1,0,0,0,0,1,0,1,1,0,0,0,0,0,0,1,0,1
Bronchitis,0,0,1,0,0,0,1,1,0,1,1,1,0,1,0,1,0,0,0,0
Bronchitis,0,0,1,0,0,0,0,0,0,1,0,1,0,0,0,0,0,0,0,0
Bronchitis,1,0,1,1,0,0,1,1,1,1,0,0,0,1,0,0,0,0,0,0
Bronchitis,0,0,1,0,0,0,1,1,0,0,0,1,0,0,0,1,0,0,1,0
Bronchitis,1,1,0,1,0,0,1,0,0,1,0,0,0,0,1,1,1,1,0,0
Bronchitis,1,0,1,0,0,0,0,0,1,0,1,0,0,0,0,0,0,1,0,0
Bronchitis,1,0,1,0,0,0,0,0,0,1,1,0,0,0,0,0,0,0,0,1
Bronchitis,1,1,1,1,0,0,0,0,0,1,0,0,0,0,1,0,0,0,0,0
Bronchitis,1,0,1,1,0,0,0,1,0,1,1,0,0,0,1,0,0,1,0,0
Bronchitis,0,1,0,0,0,0,0,1,0,0,1,0,0,0,1,0,0,0,0,1
Bronchitis,1,0,1,1,0,0,1,1,0,1,1,0,0,0,0,1,0,0,0,0
Bronchitis,0,0,1,1,0,0,1,0,1,0,1,1,0,0,0,1,0,0,0,0
Bronchitis,1,0,0,1,0,1,0,0,1,0,1,0,0,0,0,0,0,0,0,0
Bronchitis,0,0,1,1,0,0,1,1,0,0,1,0,0,0,1,1,0,0,0,0
Bronchitis,0,1,1,1,0,0,1,0,0,0,0,0,1,0,0,1,0,0,0,0
Bronchitis,1,0,1,1,0,0,0,0,0,1,1,0,0,0,0,0,0,0,0,0
Bronchitis,0,1,1,1,0,0,0,1,0,1,1,0,0,0,0,1,0,0,0,0
Bronchitis,1,0,1,1,0,0,0,0,0,1,1,0,0,0,0,0,0,1,0,0
Bronchitis,0,0,1,0,0,0,0,0,0,0,0,0,0,0,0,1,0,0,0,1
Bronchitis,1,0,1,0,0,0,0,1,0,0,1,0,0,0,0,1,0,0,0,0
Bronchitis,1,0,1,0,1,0,0,0,0,0,1,1,0,0,0,0,0,0,0,0
Bronchitis,1,1,1,1,0,0,0,0,0,1,0,0,0,0,0,0,0,0,0,1
Bronchitis,0,1,1,1,0,0,0,0,0,0,1,0,0,0,1,0,0,0,0,0
Bronchitis,0,0,1,0,0,0,1,0,0,0,1,0,0,0,0,0,0,0,0,1
Bronchitis,1,1,0,0,1,0,0,1,0,0,1,1,0,0,0,0,0,0,0,1
Bronchitis,1,0,1,1,0,1,0,0,0,0,1,0,0,0,0,1,0,0,0,0
Bronchitis,0,1,1,1,0,1,1,0,0,1,1,0,0,0,0,1,0,0,0,0
Bronchitis,0,0,1,1,0,0,1,0,0,0,1,0,1,0,0,1,0,1,0,0
Bronchitis,0,0,1,0,1,0,1,1,1,1,1,0,0,0,0,0,0,0,0,0
Bronchitis,1,0,1,0,0,0,0,0,1,0,0,1,0,0,1,0,0,0,0,0
Bronchitis,1,1,1,1,0,0,0,0,0,0,0,0,0,0,1,1,0,0,0,1
Bronchitis,0,0,0,1,0,0,1,1,0,1,1,0,0,0,1,1,0,0,0,0
Bronchitis,0,1,0,1,0,0,1,1,0,1,0,0,0,0,0,0,1,0,0,1
Bronchitis,0,0,1,0,1,0,1,0,0,1,1,0,0,0,0,0,0,0,0,0
Bronchitis,1,0,1,0,0,0,1,0,0,0,1,0,0,0,0,0,0,0,0,0
Bronchitis,1,0,1,0,0,0,0,1,0,1,0,0,0,0,0,0,1,0,0,0
Bronchitis,1,1,1,1,0,0,1,0,1,1,1,0,0,0,1,1,0,0,0,0
Bronchitis,1,0,1,0,0,0,1,0,0,0,1,0,0,0,0,1,0,0,0,1
Bronchitis,0,0,1,1,0,1,1,1,0,0,0,1,0,0,1,0,0,0,0,0
Bronchitis,0,1,1,0,0,0,1,1,0,1,1,0,0,0,1,1,0,0,0,0
Bronchitis,1,0,1,1,0,0,0,0,0,0,0,0,0,0,0,0,1,0,0,1
Bronchitis,1,0,1,1,0,0,1,0,0,1,1,0,0,0,0,0,0,0,0,0
Bronchitis,0,0,0,1,1,0,0,0,1,0,0,0,0,0,1,1,0,0,0,0
Bronchitis,1,0,1,1,0,0,1,1,0,0,1,0,0,1,0,0,0,0,0,0
Bronchitis,0,0,1,1,0,0,0,0,0,0,0,0,0,0,1,0,0,1,0,0
Bronchitis,1,0,1,1,0,0,0,1,0,0,0,0,0,0,1,1,0,0,1,0
Bronchitis,1,1,1,1,0,0,0,1,0,1,0,0,0,0,0,1,0,0,0,1
Bronchitis,1,0,1,0,0,0,1,1,0,0,0,0,0,0,0,1,0,0,0,1
Bronchitis,1,0,1,1,0,0,1,0,0,0,1,0,0,0,0,0,0,0,0,0
Bronchitis,0,0,1,1,1,0,1,0,0,0,1,0,1,0,0,0,1,0,0,1
Bronchitis,0,0,1,1,0,0,0,0,0,0,0,1,0,0,0,0,0,1,0,0
Bronchitis,1,0,1,1,0,0,1,1,0,1,1,0,0,0,0,0,1,0,0,0
Bronchitis,0,0,1,1,0,0,0,1,0,1,1,0,1,0,1,1,1,0,0,0
Bronchitis,0,0,1,1,0,0,0,0,0,0,0,0,0,0,0,0,0,0,0,1
Bronchitis,0,0,1,0,1,1,0,0,0,0,0,1,0,0,1,0,0,1,0,0
Bronchitis,1,0,1,1,0,0,1,1,0,0,1,0,0,0,1,0,0,1,0,0
Bronchitis,1,0,1,1,0,0,0,0,0,0,1,0,0,0,0,0,0,0,0,0
Bronchitis,1,0,1,0,0,1,1,0,0,0,0,0,0,0,1,0,1,0,0,0
Bronchitis,1,0,1,1,0,0,1,0,1,1,1,0,0,0,0,0,0,0,0,0
Bronchitis,1,0,1,0,0,0,0,0,0,1,0,0,0,0,1,0,0,0,0,0
Bronchitis,0,0,1,1,0,1,1,0,0,1,0,0,0,0,0,0,0,1,1,0
Bronchitis,1,0,1,0,0,0,1,0,0,1,1,0,0,0,1,0,0,0,0,1
Bronchitis,0,0,1,0,0,0,0,0,0,0,1,1,0,0,1,0,0,1,0,0
Bronchitis,0,0,1,0,0,1,0,0,0,0,1,0,0,0,1,0,0,0,0,0
Bronchitis,1,0,1,0,0,0,1,1,0,0,1,0,1,0,1,0,0,0,0,0
Bronchitis,0,0,1,1,1,0,1,0,0,0,1,0,0,0,0,1,1,0,0,0
Bronchitis,1,1,1,1,1,0,0,1,0,0,1,0,0,0,1,0,0,0,0,0
Bronchitis,1,0,1,1,1,0,0,0,0,0,0,0,0,0,0,0,0,0,0,0
Bronchitis,0,1,1,0,0,0,1,0,0,0,0,1,0,0,1,0,1,1,0,1
Bronchitis,0,0,1,1,1,0,0,1,0,1,1,0,0,0,0,0,0,0,0,0
Bronchitis,1,1,1,0,0,0,0,0,0,0,0,0,1,0,0,1,0,0,0,1
Bronchitis,0,0,1,1,0,0,0,1,0,1,1,0,1,0,1,0,0,1,0,0
Bronchitis,0,1,1,1,0,0,0,1,0,0,1,0,0,0,0,1,0,0,0,0
Bronchitis,0,0,1,0,0,0,1,0,0,0,1,1,0,0,0,0,0,0,0,0
Bronchitis,1,1,1,0,0,0,1,0,0,0,0,0,0,0,0,1,0,1,0,0
Bronchitis,0,0,1,1,0,0,1,0,0,0,0,0,0,0,0,0,0,1,0,1
Bronchitis,1,0,1,1,0,1,1,0,0,1,1,0,0,0,1,1,0,1,0,1
Bronchitis,0,1,1,1,1,0,0,0,0,0,0,0,0,0,0,0,0,0,0,0
Bronchitis,0,0,1,1,0,0,1,0,0,0,1,0,0,0,0,1,0,1,0,0
Bronchitis,0,0,1,1,0,0,1,0,0,0,1,0,0,0,0,1,0,0,0,0
Bronchitis,1,0,1,0,0,1,1,0,0,1,0,0,1,0,0,1,0,1,0,1
Bronchitis,0,0,1,1,0,0,1,0,0,0,0,0,0,0,0,1,0,0,1,1
Bronchitis,1,0,1,0,0,0,0,0,0,0,0,1,0,0,1,1,0,1,0,1
Bronchitis,0,0,1,1,0,0,1,0,0,1,0,1,0,0,0,0,1,1,0,0
Bronchitis,0,1,1,0,0,0,0,0,0,1,1,0,0,0,1,1,1,0,0,0
Bronchitis,0,1,0,1,0,0,0,1,0,1,1,0,0,0,0,1,0,1,0,1
Bronchitis,1,0,0,1,1,0,0,0,0,0,1,1,0,1,1,0,0,0,0,0
Bronchitis,1,1,1,1,0,0,1,1,0,1,1,0,0,0,1,0,0,0,1,0
Bronchitis,1,0,0,0,0,1,0,0,0,1,1,0,0,0,0,0,0,0,0,0
Bronchitis,0,0,1,1,0,0,1,0,0,1,0,1,0,0,0,1,0,0,0,0
Bronchitis,0,0,1,0,0,0,0,0,0,0,1,0,0,0,0,0,0,0,0,1
Bronchitis,1,0,1,1,0,0,0,1,0,0,1,0,0,0,1,1,0,1,0,0
Bronchitis,0,0,1,1,0,0,0,1,0,0,1,0,0,0,0,1,0,0,0,0
Bronchitis,1,0,0,1,0,0,1,1,1,1,1,1,1,0,1,0,0,0,0,1
Bronchitis,1,0,1,0,0,0,0,0,0,0,1,0,0,0,1,0,1,1,1,0
Bronchitis,1,1,1,0,0,0,0,0,0,0,1,0,0,0,0,1,0,0,0,0
Bronchitis,1,0,1,0,1,0,1,1,0,0,1,1,1,0,0,1,0,0,0,1
Bronchitis,1,1,0,0,0,0,0,0,0,1,1,0,0,1,1,0,0,1,0,0
Bronchitis,1,0,1,0,0,0,0,0,0,0,1,0,0,0,0,0,0,1,0,0
Sinusitis,0,1,0,0,0,0,0,1,0,1,0,1,0,0,1,0,0,0,0,0
Sinusitis,0,1,0,1,0,0,1,0,0,0,0,1,0,0,1,1,0,0,0,0
Sinusitis,0,1,0,1,0,0,1,0,0,0,0,0,0,0,0,0,0,0,0,0
Sinusitis,1,1,0,1,0,0,0,0,0,0,0,1,0,0,1,1,0,0,0,0
Sinusitis,0,1,0,1,0,0,0,0,0,0,0,0,0,0,0,0,0,1,0,0
Sinusitis,0,0,0,1,1,0,0,0,0,0,0,1,0,0,1,0,0,0,0,0
Sinusitis,0,1,0,1,0,0,0,0,0,0,0,0,0,0,1,0,0,0,0,0
Sinusitis,0,1,0,1,0,0,1,0,0,0,0,0,1,0,1,0,0,0,0,0
Sinusitis,0,0,1,0,0,0,0,1,0,0,0,0,0,0,1,0,0,0,0,0
Sinusitis,0,1,0,0,0,0,0,0,0,0,0,1,0,0,1,0,0,0,0,0
Sinusitis,1,1,0,1,0,0,0,0,0,0,0,1,1,0,0,0,0,0,1,1
Sinusitis,1,1,0,1,0,0,0,0,0,0,1,1,0,0,0,0,0,0,0,0
Sinusitis,1,1,1,0,0,0,1,1,0,0,1,1,0,0,0,0,0,0,0,1
Sinusitis,1,1,0,1,0,0,0,0,0,0,0,1,0,0,1,0,0,0,0,0
Sinusitis,1,1,0,0,0,0,0,0,0,0,0,0,1,0,1,0,0,1,0,0
Sinusitis,0,1,0,1,0,0,1,0,0,0,0,0,0,0,1,0,0,0,0,0
Sinusitis,0,1,1,1,1,0,0,0,0,1,0,0,0,0,1,0,0,1,0,0
Sinusitis,1,1,1,0,0,0,0,1,0,0,0,1,1,0,1,0,0,0,0,0
Sinusitis,1,1,1,0,0,1,0,1,0,0,0,0,0,0,0,0,0,0,0,1
Sinusitis,0,1,1,1,1,0,1,0,0,0,0,1,0,0,1,1,0,0,0,1
Sinusitis,0,1,0,0,0,0,0,1,0,0,0,0,0,1,1,1,0,0,0,0
Sinusitis,1,1,0,1,0,0,1,0,0,0,1,1,0,0,1,0,0,1,0,0
Sinusitis,0,1,0,1,0,1,1,0,0,0,0,0,0,0,1,0,0,0,0,0
Sinusitis,0,0,0,1,1,0,0,0,0,0,0,1,0,0,1,0,0,0,0,0
Sinusitis,0,1,0,0,0,0,0,0,1,0,0,0,0,0,1,0,0,1,0,1
Sinusitis,0,0,1,0,0,0,1,1,0,0,0,0,0,0,1,0,0,0,0,0
Sinusitis,0,0,1,1,1,0,0,0,0,1,0,0,0,0,1,0,0,0,0,0
Sinusitis,1,1,1,1,0,0,0,0,0,0,1,0,1,0,1,1,0,1,1,0
Sinusitis,0,1,1,0,0,0,1,0,0,0,0,0,0,0,1,0,0,0,1,1
Sinusitis,0,1,0,1,1,0,0,1,0,0,0,1,0,0,1,0,0,1,0,0
Sinusitis,1,1,0,0,1,0,0,0,0,0,0,0,0,0,0,0,0,0,0,1
Sinusitis,1,1,1,0,0,0,0,0,0,0,0,0,0,0,1,0,0,0,1,0
Sinusitis,0,1,0,0,1,1,0,0,0,0,0,0,0,0,1,0,0,1,0,0
Sinusitis,0,0,0,0,0,0,0,0,0,0,0,0,0,0,1,0,0,0,0,0
Sinusitis,0,1,1,1,0,0,0,0,0,0,0,0,0,0,1,0,0,0,0,0
Sinusitis,1,1,0,0,0,0,0,1,0,0,0,0,0,0,1,0,0,0,0,0
Sinusitis,1,0,0,1,1,0,0,0,0,0,0,0,0,0,1,0,0,0,0,0
Sinusitis,0,0,0,0,0,0,0,0,0,0,0,0,0,0,1,0,0,0,0,0
Sinusitis,0,0,0,0,0,0,0,1,0,0,0,1,0,0,1,0,0,0,0,0
Sinusitis,0,1,0,0,0,0,1,0,0,0,0,0,0,0,1,0,0,1,0,0
Sinusitis,0,0,0,1,0,0,1,0,0,0,0,0,0,0,1,0,0,0,0,0
Sinusitis,0,0,0,0,0,0,0,0,0,0,0,0,0,0,1,1,0,1,0,0
Sinusitis,1,1,1,0,0,0,0,1,0,0,0,0,0,0,1,0,1,1,0,0
Sinusitis,0,0,0,1,0,0,0,0,0,0,0,0,0,0,1,1,0,0,0,0
Sinusitis,1,1,1,1,0,0,1,0,0,0,0,1,1,0,1,0,0,0,0,0
Sinusitis,0,1,1,1,0,0,1,1,1,0,0,0,0,0,1,1,0,1,0,0
Sinusitis,0,1,1,1,0,0,0,0,0,0,1,0,0,0,1,0,0,1,0,0
Sinusitis,1,1,1,1,0,0,0,1,0,0,0,0,0,1,1,1,0,0,0,0
Sinusitis,0,1,0,1,0,0,1,0,0,0,0,1,0,0,1,1,0,0,0,0
Sinusitis,1,0,0,0,0,0,0,0,0,0,0,1,0,0,1,1,0,1,0,0
Sinusitis,0,1,0,1,0,0,1,0,0,0,0,1,0,0,0,0,0,0,0,0
Sinusitis,1,1,0,0,0,0,1,1,0,0,0,1,1,0,1,0,0,0,0,0
Sinusitis,0,1,1,0,0,0,0,1,0,0,0,0,0,0,1,0,0,0,0,0
Sinusitis,1,0,0,1,0,0,0,1,0,0,1,1,0,0,1,1,0,0,0,0
Sinusitis,1,1,0,0,0,0,1,0,0,1,1,0,0,0,1,1,0,0,0,0
Sinusitis,1,1,1,1,0,0,0,1,0,0,0,0,1,0,1,0,0,1,0,0
Sinusitis,1,1,0,0,0,0,1,0,0,0,0,1,0,0,1,0,0,0,0,1
Sinusitis,0,1,0,1,0,0,0,0,0,0,0,0,0,0,1,1,1,1,0,0
Sinusitis,0,1,1,1,0,0,0,1,0,0,0,1,0,0,1,0,0,1,0,0
Sinusitis,1,0,0,1,1,0,0,0,1,0,0,0,0,0,1,0,0,1,0,0
Sinusitis,0,0,0,1,0,1,0,0,0,0,0,1,0,0,1,0,0,0,0,1
Sinusitis,1,1,0,0,0,0,1,0,0,0,0,0,0,0,1,0,0,0,0,0
Sinusitis,1,1,0,0,0,0,0,0,0,0,1,0,0,0,1,0,0,1,0,1
Sinusitis,0,1,1,0,0,0,1,0,0,0,1,0,0,0,1,1,0,1,0,0
Sinusitis,0,1,0,1,0,0,1,1,0,0,0,1,0,0,1,1,0,0,0,0
Sinusitis,1,0,0,1,0,0,0,0,0,0,1,0,0,0,1,0,0,1,1,0
Sinusitis,1,1,0,0,0,0,0,0,0,0,0,0,0,0,1,0,0,0,1,0
Sinusitis,0,1,1,0,0,0,1,0,0,0,0,0,0,0,1,0,0,0,0,0
Sinusitis,0,1,0,1,0,0,0,0,0,0,0,0,0,0,1,0,0,0,0,0
Sinusitis,1,1,0,0,0,0,1,0,0,0,0,0,0,0,1,0,0,0,0,0
Sinusitis,0,0,0,0,0,0,0,0,0,0,0,1,0,0,0,0,0,0,0,0
Sinusitis,0,1,1,1,0,0,0,0,1,0,0,1,0,1,1,0,1,1,1,0
Sinusitis,0,1,0,0,0,0,1,0,0,0,0,0,0,0,1,0,0,0,0,0
Sinusitis,0,1,0,1,0,0,0,0,0,0,0,0,1,0,1,0,1,0,0,0
Sinusitis,0,1,0,1,0,0,0,1,0,0,0,0,0,0,1,0,0,1,0,0
Sinusitis,1,1,0,0,0,0,1,0,0,0,0,0,0,0,1,0,0,0,0,0
Sinusitis,0,1,0,1,0,0,0,0,0,0,0,0,0,0,1,1,0,1,0,0
Sinusitis,0,1,1,1,0,1,1,0,1,0,0,1,0,0,0,0,1,0,0,1
Sinusitis,0,1,1,0,0,0,0,1,0,0,0,0,0,0,0,0,0,0,0,1
Sinusitis,0,1,0,1,0,0,0,0,0,0,1,0,1,0,1,0,0,0,0,0
Sinusitis,0,1,1,0,0,0,1,0,0,0,0,0,0,0,1,0,0,0,0,0
Sinusitis,0,0,1,1,0,0,0,1,0,0,0,0,0,0,1,1,0,0,0,0
Sinusitis,1,0,1,1,0,0,1,0,0,0,0,0,0,0,1,0,0,0,0,0
Sinusitis,0,1,0,1,0,0,0,0,0,0,0,0,0,0,0,0,0,0,0,0
Sinusitis,0,1,0,0,0,0,1,0,0,0,0,0,0,0,1,0,0,0,0,0
Sinusitis,0,0,1,1,0,0,1,0,0,0,1,1,0,0,1,1,0,1,0,0
Sinusitis,0,1,0,1,0,0,0,0,0,0,0,0,0,0,0,0,0,0,0,0
Sinusitis,0,1,0,0,0,0,0,1,0,0,0,0,0,0,1,0,0,1,0,0
Sinusitis,0,1,1,1,0,0,1,0,0,1,1,1,0,1,0,0,0,0,0,0
Sinusitis,1,1,0,1,0,0,0,1,0,0,0,1,0,0,0,1,0,0,0,0
Sinusitis,0,1,0,0,0,0,1,0,0,0,0,0,0,0,1,0,0,0,0,0
Sinusitis,1,1,0,0,0,0,1,1,0,1,1,0,0,0,1,1,0,0,0,0
Sinusitis,1,0,0,1,0,0,0,0,0,0,1,1,0,0,1,0,0,0,0,0
Sinusitis,0,1,0,1,0,0,0,1,0,0,1,0,1,0,1,0,0,0,0,1
Sinusitis,0,1,1,0,0,0,0,1,0,0,0,0,0,0,1,0,0,1,0,0
Sinusitis,0,1,1,1,0,0,1,0,0,0,1,0,0,0,1,0,0,0,1,0
Sinusitis,0,1,0,1,0,0,1,0,0,0,0,1,1,0,1,1,0,0,0,0
Sinusitis,0,1,1,1,0,1,0,0,0,0,0,0,0,0,1,1,0,1,0,0
Sinusitis,0,1,1,1,0,0,1,0,0,0,0,0,0,0,1,0,0,0,0,0
Sinusitis,0,1,1,1,0,1,0,1,0,1,1,1,0,0,0,0,0,0,0,0
Sinusitis,1,1,1,0,0,0,0,0,0,0,0,0,0,0,1,0,0,0,0,0
Sinusitis,0,1,0,0,0,0,1,0,0,0,0,0,0,0,0,0,0,0,0,0
Sinusitis,0,1,1,1,0,0,0,0,0,0,0,0,0,0,0,1,0,0,0,0
Sinusitis,1,0,1,0,0,0,0,0,0,0,0,1,0,0,1,1,0,1,0,0
Sinusitis,0,1,0,1,0,0,0,0,0,0,0,0,0,0,0,1,0,0,0,1
Sinusitis,0,1,1,0,0,0,1,0,0,0,0,0,1,0,1,1,0,0,0,0
Sinusitis,1,0,1,0,0,0,0,1,0,0,0,1,0,0,1,0,0,0,0,1
Sinusitis,0,1,1,1,0,0,0,1,0,0,0,0,0,0,0,0,0,0,0,0
Sinusitis,1,0,0,0,0,0,0,0,0,1,0,0,0,0,1,0,0,0,0,1
Sinusitis,1,0,0,0,1,0,1,0,0,0,0,0,0,0,1,1,0,0,0,0
Sinusitis,1,0,0,0,0,0,0,0,0,0,0,0,0,0,1,0,0,0,0,0
Sinusitis,0,0,0,1,0,0,1,0,1,0,0,0,0,0,0,0,0,0,0,0
Sinusitis,0,0,0,1,1,0,1,0,0,0,0,0,0,0,1,0,0,0,0,0
Sinusitis,0,1,0,1,0,0,0,1,0,0,0,0,1,0,1,0,0,1,0,1
Sinusitis,0,0,0,1,0,0,1,1,0,0,0,0,0,0,1,0,0,1,0,0
Sinusitis,0,1,1,1,1,0,1,0,0,1,0,1,0,0,0,1,0,0,0,0
Sinusitis,0,0,0,0,0,0,1,0,0,0,1,0,0,0,0,0,0,0,0,1
Sinusitis,1,1,1,0,0,0,0,0,0,0,0,0,0,0,0,0,0,1,0,0
Sinusitis,0,1,1,1,0,0,1,0,0,0,0,0,0,0,1,0,0,0,0,0
Sinusitis,0,1,0,0,0,0,1,0,0,1,0,0,0,1,1,1,0,0,0,0
Sinusitis,1,1,0,1,0,0,1,0,0,0,0,0,1,0,1,0,0,0,0,0
Sinusitis,1,1,1,0,0,0,1,0,0,0,0,0,0,0,1,0,1,0,0,1
Sinusitis,0,1,1,0,0,0,1,0,0,0,0,0,0,0,0,0,0,0,0,0
Sinusitis,0,1,0,1,0,0,0,0,0,0,0,1,0,1,1,0,0,1,0,1
Sinusitis,0,1,1,0,1,0,0,0,0,0,1,0,0,0,1,0,0,1,0,1
Sinusitis,0,0,0,0,0,0,0,1,0,1,0,1,0,0,1,0,0,0,0,0
Sinusitis,0,1,0,0,0,1,0,0,1,0,0,1,0,0,0,0,0,0,0,0
Sinusitis,1,1,0,1,0,0,0,0,0,0,0,1,0,0,0,0,0,0,0,0
Sinusitis,0,1,0,0,0,0,0,1,0,0,0,0,0,0,0,0,0,0,0,1
Sinusitis,1,0,1,1,0,0,1,0,0,0,0,0,0,0,1,0,0,0,0,1
Sinusitis,0,1,1,0,0,0,1,1,0,0,1,0,0,0,1,0,0,0,0,0
Sinusitis,0,0,1,0,0,0,0,0,0,0,0,0,0,0,1,0,0,0,0,0
Sinusitis,1,1,0,0,0,0,0,0,1,0,0,0,0,0,1,1,0,0,0,0
Sinusitis,1,1,0,1,0,1,0,1,0,0,0,0,0,0,1,0,0,0,0,0
Sinusitis,0,1,1,1,1,0,1,0,0,1,0,1,0,0,1,0,0,0,0,0
Sinusitis,0,0,0,0,0,0,0,0,1,0,0,0,0,0,1,0,0,0,0,0
Sinusitis,1,1,0,0,0,0,0,0,0,0,0,0,0,0,1,0,0,1,0,1
Sinusitis,0,0,0,0,0,0,0,0,0,1,1,0,0,0,1,1,0,0,0,0
Sinusitis,0,1,0,1,0,0,1,0,0,0,0,1,0,1,1,0,0,0,0,0
Sinusitis,0,1,0,0,0,0,0,0,0,0,0,0,0,0,1,0,0,0,0,0
Sinusitis,1,0,0,1,0,0,1,1,0,0,1,0,0,0,1,0,0,1,0,0
Sinusitis,0,0,1,1,0,0,0,0,0,0,0,0,0,0,1,0,0,1,0,0
Sinusitis,0,1,0,1,0,0,0,0,0,0,0,1,0,0,1,0,0,0,0,0
Sinusitis,0,1,0,1,1,1,1,1,0,0,0,1,0,0,1,0,0,1,0,0
Sinusitis,1,1,0,1,1,0,0,0,1,1,0,1,0,0,1,1,0,0,0,0
Sinusitis,0,1,0,1,0,0,0,0,0,0,0,0,0,0,1,0,0,0,0,0
Sinusitis,1,1,0,0,0,1,0,1,0,0,0,1,0,1,1,0,0,0,0,0
Sinusitis,0,0,0,0,0,0,0,1,0,0,0,0,0,0,1,1,0,0,0,0
Sinusitis,0,1,0,0,0,0,0,0,1,0,0,0,0,0,1,0,0,0,0,0
Sinusitis,0,0,0,0,0,0,0,0,0,0,0,0,0,0,0,0,0,0,0,0
Food Poisoning,0,0,0,0,1,0,0,1,1,0,0,0,0,0,0,1,1,0,1,1
Food Poisoning,0,1,0,0,0,1,0,1,1,0,0,1,0,0,0,0,1,1,1,1
Food Poisoning,0,0,0,0,0,0,0,0,1,0,0,0,0,0,0,0,1,1,1,1
Food Poisoning,0,1,0,0,1,0,0,1,1,0,0,0,0,0,0,1,0,1,1,0
Food Poisoning,0,1,0,1,1,1,0,0,0,0,0,1,0,1,0,0,1,0,1,0
Food Poisoning,0,1,0,0,1,1,0,1,1,0,0,0,0,0,0,0,1,1,1,0
Food Poisoning,1,0,0,1,1,1,0,0,1,0,0,0,0,0,1,0,0,1,1,1
Food Poisoning,0,1,0,0,1,1,0,0,1,0,0,1,0,0,0,1,1,1,1,0
Food Poisoning,0,0,0,1,1,1,0,1,1,0,0,0,1,0,0,0,1,1,0,0
Food Poisoning,0,0,0,1,1,1,0,1,1,1,0,0,0,0,0,0,1,0,1,0
Food Poisoning,0,1,0,0,1,0,0,0,1,0,0,0,0,0,0,1,1,1,1,1
Food Poisoning,0,0,0,0,0,0,0,0,1,0,0,0,0,0,0,1,1,1,1,0
Food Poisoning,0,0,0,1,1,1,0,0,1,0,0,0,0,0,0,1,0,0,1,1
Food Poisoning,0,0,0,0,1,0,0,0,0,0,0,0,0,0,0,0,1,1,1,0
Food Poisoning,1,0,0,0,0,1,0,0,0,0,0,0,1,0,0,0,1,1,1,0
Food Poisoning,1,1,0,0,1,0,0,0,1,0,0,0,0,0,0,1,1,0,1,0
Food Poisoning,0,1,0,0,1,1,0,0,1,0,0,1,0,0,0,1,1,1,1,0
Food Poisoning,0,0,0,1,1,1,0,0,1,0,0,0,0,0,0,0,1,0,1,1
Food Poisoning,0,0,0,1,1,1,0,0,1,0,0,0,0,0,0,0,1,0,1,0
Food Poisoning,1,0,0,1,1,1,0,0,1,0,1,0,0,0,0,0,1,0,1,0
Food Poisoning,0,1,0,1,1,1,0,0,1,0,0,0,0,0,0,0,1,1,1,0
Food Poisoning,0,0,0,1,1,1,0,0,1,0,0,0,0,0,0,0,0,1,1,1
Food Poisoning,0,0,0,1,1,0,0,1,1,0,0,0,0,0,0,1,1,1,1,1
Food Poisoning,0,1,0,1,1,1,0,0,1,0,0,0,0,0,0,0,1,1,1,0
Food Poisoning,0,1,0,1,1,1,0,1,1,0,0,1,1,0,0,0,1,1,1,1
Food Poisoning,1,0,0,1,1,1,0,0,1,0,0,1,0,0,0,0,1,1,1,0
Food Poisoning,0,1,0,0,1,1,1,0,1,0,0,1,1,0,0,0,1,1,1,0
Food Poisoning,0,0,0,0,1,1,0,1,1,0,1,0,0,1,0,0,1,1,1,0
Food Poisoning,1,0,0,1,1,1,0,0,1,0,0,1,0,0,0,1,1,0,0,0
Food Poisoning,0,1,0,1,1,1,0,1,1,0,0,0,0,0,0,1,1,1,1,0
Food Poisoning,0,0,0,0,0,1,0,0,1,0,0,0,0,0,1,0,0,1,1,0
Food Poisoning,0,1,0,1,1,0,0,0,1,0,0,1,0,0,0,0,1,1,1,0
Food Poisoning,0,0,0,0,1,1,0,0,1,0,0,0,1,0,0,1,1,0,1,0
Food Poisoning,1,1,0,0,1,1,0,0,1,0,0,0,0,1,0,1,1,0,1,0
Food Poisoning,1,0,0,1,1,1,0,1,1,0,0,1,0,0,0,1,1,1,1,0
Food Poisoning,1,0,0,0,1,0,0,0,1,0,0,0,0,0,0,0,1,0,1,0
Food Poisoning,1,0,0,0,1,1,0,0,1,0,0,0,0,1,0,0,1,1,1,0
Food Poisoning,0,0,0,1,0,1,0,1,1,0,0,1,0,0,0,1,1,1,1,0
Food Poisoning,0,0,0,1,1,1,0,0,1,0,0,1,1,0,0,0,1,0,1,1
Food Poisoning,1,0,0,1,0,1,0,0,1,0,0,1,0,1,0,0,1,1,0,0
Food Poisoning,1,1,0,1,1,1,1,1,1,0,0,1,0,0,0,0,1,1,1,0
Food Poisoning,0,0,0,0,1,0,0,1,1,0,0,0,0,1,0,1,1,0,1,0
Food Poisoning,0,0,0,1,1,0,0,0,1,0,0,0,0,0,0,0,1,1,1,1
Food Poisoning,1,0,0,1,1,1,0,1,1,0,0,0,0,0,0,0,1,1,1,0
Food Poisoning,1,0,0,1,1,1,0,0,1,0,0,0,0,0,0,0,1,1,1,0
Food Poisoning,1,1,0,1,1,1,0,0,1,0,0,1,0,0,0,1,1,1,1,0
Food Poisoning,0,0,0,1,1,1,0,0,1,0,0,0,0,0,0,0,1,1,1,0
Food Poisoning,0,0,0,0,1,1,0,1,1,0,0,1,0,0,0,0,1,1,1,0
Food Poisoning,0,0,0,1,1,1,0,0,1,1,0,0,0,0,0,0,1,0,1,0
Food Poisoning,0,0,0,1,1,1,0,1,1,0,0,1,0,0,0,0,1,1,1,0
Food Poisoning,0,0,0,0,1,1,0,1,1,1,0,0,0,0,0,0,1,1,1,1
Food Poisoning,1,0,0,1,1,1,0,0,1,0,1,0,1,0,0,0,1,0,1,1
Food Poisoning,0,0,0,0,1,1,0,0,1,0,0,1,0,0,0,0,1,1,1,0
Food Poisoning,0,1,0,0,1,1,0,0,1,0,0,1,0,0,0,1,1,0,1,0
Food Poisoning,1,0,0,1,1,1,1,0,1,0,1,1,1,0,0,0,0,1,1,0
Food Poisoning,0,0,0,1,0,1,0,0,1,0,0,1,0,0,0,1,1,1,1,1
Food Poisoning,0,0,1,1,1,1,0,0,1,0,0,0,0,0,0,0,1,1,1,0
Food Poisoning,0,0,0,0,1,1,0,1,1,0,0,0,0,1,0,0,1,1,0,0
Food Poisoning,0,1,0,1,1,1,0,1,1,0,0,0,0,1,0,1,1,1,1,0
Food Poisoning,0,1,0,0,1,1,0,1,1,0,0,0,0,0,0,1,1,0,1,0
Food Poisoning,0,0,0,0,0,1,0,1,1,0,0,0,0,0,0,1,0,0,1,0
Food Poisoning,1,1,0,0,1,1,0,0,1,0,0,0,0,0,0,0,1,0,1,0
Food Poisoning,0,0,0,0,1,1,0,0,1,0,0,0,0,0,0,0,1,1,1,1
Food Poisoning,0,0,0,1,1,1,0,0,1,0,0,0,0,0,0,0,0,0,1,0
Food Poisoning,0,0,0,1,1,1,0,1,1,0,0,0,0,0,0,0,1,1,1,0
Food Poisoning,0,1,0,0,1,1,0,1,1,0,0,0,1,0,0,0,1,0,1,0
Food Poisoning,1,0,0,1,1,1,0,0,1,0,0,0,1,0,0,0,0,0,1,0
Food Poisoning,0,1,0,1,1,0,0,0,0,0,0,0,0,0,0,0,1,0,1,0
Food Poisoning,0,1,1,1,1,1,0,0,1,0,0,0,0,0,0,0,1,1,0,0
Food Poisoning,0,1,0,0,1,1,0,0,1,0,1,0,0,0,0,0,1,1,1,0
Food Poisoning,0,1,0,1,1,1,0,0,1,0,0,0,0,0,0,1,1,1,1,0
Food Poisoning,1,0,0,0,1,1,0,0,0,0,0,0,0,0,0,1,1,1,1,1
Food Poisoning,1,0,0,0,1,1,0,0,0,0,0,0,0,0,0,1,1,1,1,1
Food Poisoning,0,0,0,0,1,1,0,0,1,0,0,1,0,0,0,1,1,1,1,0
Food Poisoning,1,1,0,1,1,0,0,1,1,0,0,0,0,0,0,0,1,1,1,0
Food Poisoning,0,0,0,0,1,1,1,0,1,0,1,1,0,0,0,0,1,1,1,0
Food Poisoning,0,0,0,0,0,1,0,1,1,0,0,1,0,0,0,0,1,1,1,0
Food Poisoning,1,0,0,0,1,1,0,1,1,0,0,0,0,0,0,1,0,0,1,0
Food Poisoning,1,0,0,1,1,1,0,1,1,0,0,0,0,0,0,0,1,0,1,0
Food Poisoning,0,0,0,1,1,0,0,0,0,0,0,0,0,0,0,0,1,1,1,0
Food Poisoning,0,1,0,1,0,1,0,0,1,0,0,0,1,0,0,0,1,0,1,0
Food Poisoning,1,0,0,1,1,0,0,0,1,0,0,1,0,0,0,0,1,0,1,0
Food Poisoning,0,0,0,1,0,1,0,0,1,0,0,1,0,0,0,1,1,0,1,0
Food Poisoning,0,0,0,0,0,1,0,0,1,0,0,0,1,0,0,0,0,1,1,1
Food Poisoning,0,0,1,0,1,1,1,1,1,0,0,1,0,1,0,0,1,1,1,0
Food Poisoning,0,0,0,1,1,1,0,1,1,0,0,1,0,0,0,0,1,1,0,1
Food Poisoning,0,0,0,1,1,0,0,0,1,0,0,1,0,0,0,0,0,0,1,0
Food Poisoning,0,0,0,1,1,1,0,0,1,0,0,0,0,0,0,0,1,1,1,0
Food Poisoning,1,0,0,1,1,0,0,1,1,0,0,0,0,0,0,0,1,0,1,1
Food Poisoning,0,1,0,1,1,1,0,0,1,0,0,1,1,0,0,0,1,0,1,0
Food Poisoning,1,0,0,1,1,1,0,0,1,0,0,0,0,0,0,0,1,1,1,0
Food Poisoning,0,0,0,1,1,0,0,0,1,0,0,0,0,0,0,1,1,1,0,1
Food Poisoning,0,0,0,1,1,1,0,0,1,0,0,1,0,0,0,0,1,0,0,0
Food Poisoning,0,0,0,0,1,1,0,1,1,0,0,0,0,0,0,1,1,0,1,0
Food Poisoning,0,1,0,1,1,1,0,0,1,0,0,0,0,0,0,0,1,1,1,0
Food Poisoning,1,0,0,1,1,1,0,0,0,0,0,1,0,0,0,1,0,1,1,0
Food Poisoning,0,1,0,0,1,1,0,0,1,0,0,0,0,1,0,0,1,1,1,1
Food Poisoning,1,0,0,1,1,1,0,0,1,0,0,0,0,0,0,1,1,1,1,1
Food Poisoning,0,0,0,1,1,1,0,1,1,0,0,1,0,0,0,1,1,1,1,0
Food Poisoning,1,0,0,1,1,1,0,0,1,0,0,0,0,0,0,0,1,0,1,0
Food Poisoning,0,1,0,0,1,1,0,0,1,0,0,1,0,0,0,0,1,1,1,1
Food Poisoning,1,0,0,1,1,0,0,0,1,0,0,0,0,0,1,1,1,1,1,1
Food Poisoning,0,0,0,0,1,1,0,0,0,0,0,1,0,0,0,0,1,1,1,0
Food Poisoning,1,0,0,0,1,1,0,0,0,0,0,0,0,0,0,0,1,1,1,0
Food Poisoning,0,0,0,0,0,1,0,0,1,0,0,1,0,0,0,0,1,0,1,0
Food Poisoning,1,0,0,0,1,1,0,1,1,0,0,1,1,0,0,0,1,0,1,0
Food Poisoning,0,0,0,0,1,0,0,0,1,0,0,1,0,0,0,0,1,1,1,0
Food Poisoning,1,0,0,1,1,1,0,0,1,0,0,0,0,0,0,1,1,1,1,0
Food Poisoning,0,0,0,1,1,1,0,0,1,0,0,1,0,0,0,1,0,1,1,0
Food Poisoning,0,0,0,0,1,1,0,0,1,0,1,0,0,0,0,0,1,1,1,1
Food Poisoning,0,0,0,0,1,1,0,0,1,0,0,0,0,1,0,1,1,1,0,0
Food Poisoning,0,1,0,0,1,1,0,0,1,0,0,0,0,0,0,0,0,1,0,0
Food Poisoning,0,0,0,0,1,1,0,0,1,0,0,1,1,0,1,0,1,1,0,1
Food Poisoning,0,0,0,0,1,1,0,0,1,0,0,0,0,0,0,0,1,1,1,0
Food Poisoning,1,1,0,1,1,1,0,0,1,0,0,0,0,0,0,0,1,1,1,0
Food Poisoning,1,0,0,0,1,1,0,0,1,0,0,0,0,0,1,1,1,1,1,1
Food Poisoning,1,1,1,1,1,1,0,0,1,0,0,0,0,0,0,1,1,1,1,0
Food Poisoning,1,1,0,0,1,0,0,0,1,0,0,1,0,1,0,0,1,1,0,0
Food Poisoning,0,0,0,0,0,1,0,0,1,0,0,0,1,0,0,0,0,1,1,0
Food Poisoning,1,1,0,0,1,1,0,1,1,0,0,0,0,0,0,0,1,1,1,0
Food Poisoning,1,1,0,0,1,1,0,1,1,0,0,1,0,0,0,0,1,1,1,0
Food Poisoning,1,0,0,0,1,1,0,1,1,0,0,0,1,0,0,1,1,0,1,0
Food Poisoning,1,0,0,1,1,1,0,0,1,0,0,1,0,0,0,0,1,0,1,0
Food Poisoning,0,0,0,0,1,1,0,0,1,0,0,0,0,0,0,0,1,1,1,0
Food Poisoning,0,0,0,0,1,1,0,0,1,0,0,0,1,0,0,0,1,0,1,0
Food Poisoning,1,1,0,1,1,1,0,0,1,0,0,1,0,0,0,1,1,1,1,0
Food Poisoning,0,0,0,1,1,1,0,0,1,0,0,0,0,0,0,0,1,0,0,0
Food Poisoning,0,0,0,0,1,1,0,1,1,0,1,0,0,0,0,0,1,1,1,1
Food Poisoning,0,0,0,0,0,1,1,0,1,0,0,0,0,0,0,0,1,1,1,1
Food Poisoning,0,0,0,0,1,1,0,0,1,0,0,1,0,0,0,0,1,0,1,0
Food Poisoning,1,0,0,0,1,1,0,0,0,0,0,0,0,1,0,1,1,1,1,0
Food Poisoning,0,0,0,0,0,1,0,1,0,0,1,0,0,0,0,0,0,0,1,0
Food Poisoning,1,1,0,1,0,0,0,0,1,0,0,0,0,0,0,0,1,1,0,0
Food Poisoning,0,0,0,0,1,0,0,1,1,1,0,1,0,0,0,0,1,1,0,0
Food Poisoning,0,0,0,0,1,1,0,1,1,0,0,1,1,0,0,0,1,1,1,0
Food Poisoning,0,1,0,1,1,1,1,0,1,0,0,0,0,0,0,0,0,1,1,0
Food Poisoning,0,1,1,0,1,1,1,0,1,0,0,0,0,0,0,0,1,1,1,1
Food Poisoning,0,0,0,1,1,1,0,1,1,0,0,0,0,0,0,0,1,0,1,0
Food Poisoning,0,0,1,0,1,0,0,0,1,0,0,1,0,0,0,0,1,0,1,1
Food Poisoning,0,0,0,1,1,1,0,1,1,0,0,0,0,0,0,1,1,0,1,0
Food Poisoning,0,1,0,0,1,0,1,1,1,0,0,1,0,0,0,0,1,1,1,1
Food Poisoning,1,0,0,1,1,0,0,0,1,0,0,0,0,0,0,1,1,0,1,0
Food Poisoning,0,0,0,1,1,1,0,1,1,0,0,1,0,0,0,1,1,1,1,0
Food Poisoning,0,0,0,0,1,1,0,1,1,0,0,0,0,0,0,0,1,1,0,1
Food Poisoning,0,0,0,1,1,1,0,0,0,0,0,0,0,0,0,0,1,1,0,0
Food Poisoning,1,0,0,0,0,1,0,1,1,0,0,0,0,0,0,0,1,0,1,0
Food Poisoning,0,0,0,0,1,1,0,1,1,0,0,0,0,0,0,1,1,1,1,0
Food Poisoning,1,0,0,0,1,1,0,0,0,0,0,1,0,0,0,0,1,1,0,1
Food Poisoning,1,0,0,0,0,1,0,1,0,0,1,1,0,0,0,0,1,0,1,0
Food Poisoning,0,0,0,1,1,1,0,1,0,0,0,0,0,0,0,0,1,1,1,0
Viral Fever,1,0,1,1,1,0,1,1,0,0,0,1,0,0,1,1,0,0,0,0
Viral Fever,1,0,1,1,0,0,0,1,0,0,1,0,0,0,0,1,1,0,1,1
Viral Fever,1,0,1,1,1,0,0,0,1,0,0,0,0,0,1,1,0,1,1,1
Viral Fever,1,1,0,0,1,0,1,1,1,0,1,1,0,0,0,1,1,1,0,1
Viral Fever,1,0,0,1,0,1,1,0,0,1,0,0,1,0,0,1,0,1,0,0
Viral Fever,1,1,0,1,0,0,1,1,0,0,1,1,0,0,0,1,0,0,0,0
Viral Fever,1,1,0,1,1,0,1,0,1,0,0,1,0,0,0,0,0,0,0,0
Viral Fever,1,0,1,0,1,0,0,1,0,0,0,0,0,0,0,1,0,1,0,0
Viral Fever,1,1,1,0,0,0,0,1,0,0,0,1,0,0,0,1,0,1,0,1
Viral Fever,1,1,1,1,0,1,1,0,0,1,0,1,1,0,0,1,0,0,0,1
Viral Fever,1,1,1,1,0,0,1,1,0,0,0,0,0,0,1,1,0,0,0,0
Viral Fever,1,0,0,1,1,0,0,0,0,1,1,0,0,0,0,1,0,0,0,1
Viral Fever,1,1,0,1,1,1,0,0,0,1,0,0,0,0,0,1,0,1,0,0
Viral Fever,1,0,0,0,0,0,1,1,0,0,0,0,0,0,0,0,0,1,0,0
Viral Fever,1,1,1,1,0,1,0,1,0,1,0,0,0,0,0,1,0,0,0,0
Viral Fever,1,1,0,0,0,0,0,1,0,0,0,0,1,0,0,0,0,1,0,0
Viral Fever,1,1,0,1,1,1,0,1,0,0,0,1,1,0,0,0,0,1,0,1
Viral Fever,1,0,0,1,1,0,0,1,0,0,0,1,1,0,1,1,0,0,1,1
Viral Fever,0,1,0,1,0,0,1,0,0,0,0,1,1,1,0,0,0,0,0,1
Viral Fever,1,1,0,1,0,0,0,0,0,0,0,0,1,0,0,0,0,1,0,0
Viral Fever,1,0,0,1,0,0,0,0,0,0,0,1,1,0,0,1,0,0,0,0
Viral Fever,1,1,1,1,0,0,0,1,0,0,0,0,1,0,0,0,0,1,1,0
Viral Fever,1,1,0,1,1,0,1,0,0,0,0,0,1,0,0,1,0,0,0,1
Viral Fever,1,0,1,1,1,0,0,0,0,0,0,0,0,0,0,0,0,1,0,0
Viral Fever,1,0,1,1,0,0,0,0,0,0,0,0,0,1,1,1,0,0,0,0
Viral Fever,1,0,1,1,0,0,1,1,0,0,0,0,1,0,0,1,0,1,1,1
Viral Fever,1,0,1,0,0,0,0,1,0,0,0,0,1,0,0,1,0,1,0,1
Viral Fever,1,1,0,1,0,0,0,0,0,1,0,0,0,0,0,1,0,0,1,1
Viral Fever,1,0,1,1,1,1,0,0,0,0,1,0,0,0,0,1,0,0,0,1
Viral Fever,1,1,0,1,1,0,1,0,0,1,0,0,0,0,0,0,0,1,1,1
Viral Fever,1,0,1,1,1,0,0,1,0,0,1,1,0,0,0,1,0,1,0,1
Viral Fever,1,1,0,1,0,0,0,0,0,0,1,1,0,0,0,1,0,0,1,1
Viral Fever,1,1,0,1,0,0,1,0,1,0,0,0,1,0,1,0,1,0,0,0
Viral Fever,1,0,0,0,1,0,1,1,0,0,1,1,0,0,0,0,0,1,0,1
Viral Fever,1,1,0,1,0,0,0,0,0,0,0,1,0,0,0,0,0,0,0,0
Viral Fever,1,1,1,1,1,0,0,0,0,1,0,1,0,0,0,0,0,1,0,1
Viral Fever,1,1,0,1,1,0,1,0,0,1,1,1,0,0,0,0,0,1,0,1
Viral Fever,1,0,1,1,0,0,0,0,0,0,0,0,0,0,0,1,0,1,0,0
Viral Fever,1,1,0,1,0,0,0,0,0,0,0,1,1,0,0,1,0,1,0,0
Viral Fever,0,0,0,1,1,0,0,0,1,0,1,0,0,0,0,1,0,0,0,1
Viral Fever,1,1,0,1,1,0,1,0,0,0,0,1,0,1,0,1,0,0,0,0
Viral Fever,1,0,1,0,0,1,0,1,0,0,0,1,1,0,0,0,0,1,0,1
Viral Fever,1,1,0,1,0,1,1,0,0,0,0,1,0,1,0,1,0,1,1,0
Viral Fever,1,0,0,1,0,0,1,1,0,1,1,0,1,0,0,1,0,0,0,1
Viral Fever,1,1,0,1,0,1,1,1,0,0,0,1,0,0,0,0,1,1,0,1
Viral Fever,1,1,0,0,0,0,0,0,0,0,1,1,0,0,0,1,0,1,0,1
Viral Fever,1,1,1,0,0,0,0,0,0,0,0,0,0,0,0,1,0,1,0,1
Viral Fever,1,1,1,1,0,0,0,0,0,0,0,0,0,0,0,1,0,1,0,0
Viral Fever,1,0,1,1,1,0,0,0,0,0,0,0,1,0,0,0,0,0,0,1
Viral Fever,1,0,0,1,0,0,1,1,0,0,1,0,0,0,0,1,0,0,0,0
Viral Fever,1,0,0,0,0,0,0,0,0,0,0,0,0,0,0,1,0,1,0,1
Viral Fever,1,0,0,1,0,0,0,0,0,0,0,1,1,0,0,1,1,0,0,0
Viral Fever,1,1,1,1,0,0,0,0,0,0,1,1,0,0,0,1,0,1,0,1
Viral Fever,1,1,0,0,0,1,0,1,0,0,0,0,1,0,1,1,0,1,0,1
Viral Fever,1,1,0,1,0,0,1,1,0,0,0,1,0,0,0,0,0,1,0,1
Viral Fever,1,1,1,1,0,1,0,1,0,0,1,0,1,0,0,1,0,0,0,1
Viral Fever,1,0,0,1,1,0,0,0,1,1,0,0,1,0,0,0,0,1,0,0
Viral Fever,1,0,0,1,1,0,0,0,0,0,0,1,0,0,0,1,0,0,0,1
Viral Fever,1,1,0,1,0,0,0,1,0,0,0,0,1,1,1,1,0,0,0,0
Viral Fever,1,0,0,0,0,0,1,1,0,0,0,1,1,0,0,1,0,1,0,1
Viral Fever,1,0,0,1,0,0,1,1,0,0,0,0,1,0,0,0,1,1,0,0
Viral Fever,1,0,0,1,1,0,1,1,1,0,0,0,0,0,0,0,0,0,0,1
Viral Fever,1,1,1,1,0,0,0,1,1,0,0,0,0,0,0,1,0,1,0,0
Viral Fever,1,0,0,0,0,0,1,0,0,0,0,0,0,0,0,0,0,0,1,0
Viral Fever,1,1,0,0,0,0,0,1,0,1,0,1,0,0,0,0,0,1,0,0
Viral Fever,1,1,1,1,0,0,0,0,0,0,0,0,1,0,0,0,0,1,0,1
Viral Fever,1,0,0,1,0,1,1,1,0,0,1,1,0,1,0,1,0,0,0,0
Viral Fever,1,1,0,1,0,1,0,1,0,0,0,0,0,0,0,1,0,0,1,0
Viral Fever,1,0,0,1,0,0,0,0,0,0,0,0,0,0,0,0,0,0,0,1
Viral Fever,1,0,0,0,0,0,1,1,0,1,0,0,0,0,1,1,1,1,0,0
Viral Fever,1,0,0,0,0,0,0,1,0,0,1,0,0,1,1,1,0,0,0,1
Viral Fever,1,1,0,1,0,0,1,0,0,1,0,1,1,1,0,1,0,1,1,1
Viral Fever,1,0,0,1,0,0,1,1,0,0,0,1,0,1,0,0,0,0,0,1
Viral Fever,1,1,1,0,0,0,1,0,0,0,0,1,1,0,1,1,0,0,0,0
Viral Fever,1,1,0,1,0,0,1,0,0,0,1,0,0,0,1,1,0,1,0,1
Viral Fever,1,1,0,1,1,0,0,0,0,0,0,0,1,0,0,1,0,1,1,1
Viral Fever,1,1,0,1,0,0,0,0,0,1,1,0,1,0,0,1,1,0,0,0
Viral Fever,1,0,0,1,0,0,0,1,1,0,0,1,0,0,0,1,1,0,1,0
Viral Fever,1,0,0,1,0,0,1,1,0,1,0,0,0,0,0,0,1,0,0,1
Viral Fever,1,1,0,1,0,0,0,0,0,0,0,1,0,0,1,1,0,1,0,0
Viral Fever,1,1,1,1,0,0,0,0,0,0,0,1,1,0,0,0,0,0,0,1
Viral Fever,1,1,1,0,0,0,0,1,0,1,0,0,1,0,0,0,0,0,0,0
Viral Fever,1,1,0,1,1,0,1,0,1,0,0,0,0,0,1,1,0,1,0,1
Viral Fever,1,1,1,1,1,0,1,0,0,1,0,0,0,1,0,1,0,0,0,0
Viral Fever,1,1,0,0,0,0,1,1,1,0,0,0,0,0,0,1,1,0,0,0
Viral Fever,1,0,0,1,0,0,1,0,0,0,0,0,0,0,0,0,0,1,1,0
Viral Fever,1,1,0,1,0,0,1,1,0,0,0,0,0,0,0,0,0,1,0,0
Viral Fever,1,0,0,0,0,0,1,0,0,0,0,0,1,0,0,0,0,0,0,0
Viral Fever,1,0,1,0,0,0,0,0,0,0,0,1,1,0,0,0,0,0,0,0
Viral Fever,1,1,0,0,0,0,0,1,0,0,0,0,0,0,0,0,0,0,1,1
Viral Fever,0,1,1,1,0,0,1,1,0,0,0,1,0,1,0,1,0,1,0,1
Viral Fever,1,0,1,1,0,0,0,1,0,0,1,0,0,0,0,1,0,0,0,1
Viral Fever,1,0,0,0,0,0,0,0,1,0,0,0,0,0,1,0,0,1,0,1
Viral Fever,1,1,0,1,1,0,1,1,0,0,0,1,0,0,0,1,0,1,0,1
Viral Fever,1,0,0,1,0,0,0,0,0,1,1,0,0,0,0,1,0,1,0,0
Viral Fever,1,1,0,1,0,0,0,0,1,0,0,0,1,0,0,0,1,0,0,0
Viral Fever,1,0,0,1,1,1,0,1,0,0,0,0,0,0,0,1,0,1,0,1
Viral Fever,1,1,0,1,0,0,0,1,0,0,1,0,0,0,0,1,0,0,0,0
Viral Fever,1,1,1,0,0,1,0,0,0,1,1,0,0,0,0,0,0,1,0,0
Viral Fever,1,1,0,1,0,0,1,0,0,1,0,0,0,0,0,0,0,0,0,1
Viral Fever,0,1,0,1,1,0,1,1,0,0,0,0,0,0,0,0,0,0,1,0
Viral Fever,1,1,0,1,0,0,0,0,1,0,0,0,0,0,0,0,0,1,0,0
Viral Fever,1,0,1,1,0,1,0,0,0,0,0,0,0,0,0,1,1,1,0,1
Viral Fever,1,0,0,0,0,0,0,0,0,0,1,1,1,0,1,0,0,0,0,0
Viral Fever,1,1,0,1,0,1,0,0,0,1,1,0,1,0,0,1,0,0,0,1
Viral Fever,1,0,1,1,0,0,1,0,0,0,0,0,0,0,1,1,0,1,0,1
Viral Fever,1,1,1,0,0,1,0,1,0,0,0,0,0,0,0,1,1,0,0,1
Viral Fever,1,0,1,1,0,0,0,1,0,1,0,0,0,0,0,1,0,0,0,0
Viral Fever,1,0,0,1,1,0,1,0,0,0,0,0,0,0,1,1,0,0,0,1
Viral Fever,1,0,0,1,1,0,0,1,0,1,1,0,0,0,0,1,0,1,0,0
Viral Fever,1,1,0,1,0,0,0,1,0,1,0,0,0,0,1,1,0,1,0,0
Viral Fever,1,0,0,1,0,1,0,0,0,1,0,1,1,0,1,0,0,0,0,1
Viral Fever,1,1,0,1,0,0,1,1,1,0,0,1,0,0,1,0,1,1,0,1
Viral Fever,1,0,0,0,1,0,0,1,0,0,0,0,0,0,0,1,1,0,0,1
Viral Fever,1,0,1,1,1,0,1,1,0,1,1,1,1,0,0,1,0,1,0,0
Viral Fever,1,1,1,1,1,1,0,1,1,0,0,0,0,0,0,0,0,0,1,1
Viral Fever,1,1,0,0,0,0,0,0,0,0,0,0,0,0,0,0,0,0,0,0
Viral Fever,1,1,1,1,0,0,0,1,0,0,0,0,1,1,1,0,0,0,0,0
Viral Fever,1,0,0,0,1,0,0,1,0,0,0,0,0,0,0,1,0,1,1,0
Viral Fever,1,0,0,1,1,0,1,1,0,1,1,0,0,0,0,1,0,0,0,1
Viral Fever,1,0,0,0,1,0,0,0,1,0,0,0,1,0,0,1,0,1,0,0
Viral Fever,1,1,1,0,1,1,1,1,1,0,0,0,1,0,1,1,0,1,0,0
Viral Fever,1,0,1,1,1,0,0,1,1,0,0,0,0,1,0,1,0,0,0,1
Viral Fever,1,0,0,1,1,1,0,1,0,0,1,1,0,0,1,1,0,1,0,1
Viral Fever,1,0,1,1,0,0,1,1,0,0,0,0,1,1,0,1,0,0,0,1
Viral Fever,1,1,0,1,1,0,0,1,1,0,0,0,0,0,0,1,0,0,0,0
Viral Fever,0,0,0,1,0,0,0,1,0,1,0,0,0,0,1,0,0,1,1,0
Viral Fever,1,0,1,1,1,1,1,1,0,0,0,0,0,0,0,1,0,1,0,1
Viral Fever,1,0,0,1,0,0,1,1,0,0,1,0,0,0,1,0,0,0,0,0
Viral Fever,1,1,0,0,0,1,0,1,1,0,1,1,0,0,0,0,0,0,0,0
Viral Fever,1,1,0,1,0,0,1,1,1,0,0,0,0,0,0,1,0,1,1,1
Viral Fever,1,1,1,1,0,0,0,1,1,0,1,0,0,0,1,0,0,1,0,1
Viral Fever,1,1,1,0,0,1,0,1,0,0,0,0,1,0,0,1,0,1,0,0
Viral Fever,1,1,0,1,0,0,0,1,0,0,0,0,0,0,0,1,0,1,0,1
Viral Fever,1,1,1,1,0,0,0,1,0,0,0,0,1,1,0,1,0,0,0,0
Viral Fever,1,0,0,0,0,1,1,0,0,0,0,0,0,0,1,1,0,0,0,0
Viral Fever,1,1,0,1,1,0,0,1,0,0,0,0,0,0,1,1,0,0,0,1
Viral Fever,0,1,0,0,0,0,1,0,0,0,0,1,0,0,0,1,0,0,1,1
Viral Fever,0,0,1,1,0,1,0,1,0,0,0,0,1,0,0,1,0,1,1,0
Viral Fever,1,0,0,1,0,0,1,0,0,0,0,0,0,0,0,1,0,0,0,1
Viral Fever,1,0,0,0,1,1,0,0,0,0,0,0,0,1,0,0,0,0,0,1
Viral Fever,1,0,0,0,0,1,1,0,0,0,0,1,1,0,0,1,1,1,0,0
Viral Fever,1,1,1,1,1,0,1,1,0,0,0,0,0,1,0,0,0,0,0,0
Viral Fever,1,1,0,1,0,0,1,1,0,0,0,0,1,0,0,1,0,0,0,0
Viral Fever,1,0,1,0,0,0,1,0,0,0,0,0,1,0,1,1,0,1,0,0
Viral Fever,1,1,0,1,0,0,1,0,0,0,1,0,0,0,1,1,0,0,1,0
Viral Fever,1,1,1,1,0,0,0,0,0,0,0,0,0,0,0,1,0,0,0,0
Viral Fever,1,0,0,1,0,0,0,1,0,0,0,1,0,0,0,0,0,0,0,0
Viral Fever,1,1,1,1,0,0,0,1,0,1,0,0,1,0,0,0,0,1,0,1
Viral Fever,1,1,0,1,1,0,0,1,0,0,1,0,0,0,1,1,1,0,0,0
Pneumonia,1,1,1,1,0,0,1,0,1,0,1,0,0,0,0,1,0,1,0,0
Pneumonia,1,1,1,1,0,0,1,1,0,1,1,1,1,0,0,1,0,0,0,1
Pneumonia,0,1,0,1,0,0,0,0,0,0,0,0,0,0,0,1,0,0,0,0
Pneumonia,1,0,1,0,1,0,0,0,0,0,1,0,1,0,0,1,0,0,0,0
Pneumonia,1,0,1,1,1,0,0,1,1,0,1,1,0,0,0,1,1,1,1,0
Pneumonia,1,0,1,1,1,0,1,0,0,1,0,0,1,0,0,1,0,0,0,0
Pneumonia,1,1,1,1,0,0,1,1,0,1,0,1,1,0,0,1,0,0,0,0
Pneumonia,1,1,1,1,1,0,0,0,0,1,1,0,0,0,0,1,0,1,0,0
Pneumonia,1,0,1,1,0,0,0,1,0,0,0,1,0,0,0,1,0,0,0,0
Pneumonia,1,1,1,0,0,0,0,0,0,1,0,0,0,0,0,1,0,1,0,1
Pneumonia,0,1,1,0,0,0,1,1,0,0,1,0,0,0,0,0,0,1,0,0
Pneumonia,0,1,1,1,0,0,0,0,0,1,0,1,0,0,0,1,0,1,0,1
Pneumonia,1,0,1,0,0,0,0,0,0,1,0,0,0,0,0,0,1,1,0,1
Pneumonia,0,0,0,1,0,0,0,0,0,1,0,1,0,0,1,0,0,0,0,1
Pneumonia,1,0,1,1,1,0,0,0,0,1,1,0,0,0,0,0,0,1,0,1
Pneumonia,1,0,0,0,0,0,0,1,0,0,1,0,1,0,0,0,0,1,0,0
Pneumonia,1,0,1,1,0,0,0,1,0,0,1,0,0,0,0,0,0,0,0,0
Pneumonia,1,0,1,1,0,1,0,1,0,0,1,0,0,0,1,1,0,1,0,0
Pneumonia,1,0,1,1,0,0,1,1,0,1,1,1,0,0,0,1,0,1,0,1
Pneumonia,1,0,1,1,0,0,1,1,0,1,1,0,0,0,1,0,0,0,0,1
Pneumonia,1,0,1,1,0,1,0,1,0,0,0,0,1,0,0,1,0,1,0,0
Pneumonia,1,0,1,1,0,0,1,0,0,1,1,1,0,1,0,0,1,0,0,1
Pneumonia,1,1,1,1,0,0,0,1,0,1,1,1,0,0,0,1,1,1,0,1
Pneumonia,1,0,1,1,0,0,0,0,0,1,1,0,1,0,1,0,0,1,0,1
Pneumonia,1,1,1,0,0,0,1,0,1,0,0,1,0,0,1,0,0,1,0,0
Pneumonia,1,1,1,0,0,0,0,0,0,0,1,0,0,0,0,0,0,0,0,1
Pneumonia,1,0,0,1,0,0,0,1,0,1,0,0,0,0,0,1,0,1,0,0
Pneumonia,1,0,1,0,0,0,0,0,0,0,0,0,0,0,0,0,0,1,0,0
Pneumonia,1,1,1,1,0,0,1,0,0,0,1,0,1,0,0,1,0,1,0,0
Pneumonia,1,1,1,0,0,0,0,0,0,0,1,0,0,0,0,1,1,0,1,1
Pneumonia,1,1,1,1,0,0,0,1,0,1,1,0,0,0,1,1,0,1,0,0
Pneumonia,1,1,1,1,0,0,0,0,0,1,1,0,0,0,0,1,0,1,0,1
Pneumonia,1,0,1,1,1,0,0,0,0,0,1,0,0,0,0,1,0,0,0,0
Pneumonia,1,1,1,1,1,1,1,1,0,0,1,0,1,0,0,1,0,1,0,1
Pneumonia,0,0,1,1,0,0,0,0,0,1,1,0,0,0,0,1,0,0,0,0
Pneumonia,1,0,1,0,1,1,0,1,0,0,1,0,0,0,1,1,0,0,0,0
Pneumonia,1,1,1,1,1,0,0,0,0,1,0,0,1,0,0,1,0,1,0,0
Pneumonia,1,0,1,0,0,0,0,1,0,1,1,0,0,0,0,1,0,1,0,1
Pneumonia,1,0,1,1,0,0,0,0,0,0,1,1,0,0,0,0,0,1,0,0
Pneumonia,1,1,1,0,0,0,1,1,0,0,1,0,0,0,0,1,0,0,0,1
Pneumonia,1,0,0,0,0,0,1,0,0,0,0,1,0,0,0,0,0,0,0,0
Pneumonia,1,0,0,1,1,1,0,1,0,1,1,0,0,0,1,1,0,1,0,0
Pneumonia,1,0,1,1,0,0,0,1,1,1,1,0,0,0,0,1,0,1,0,1
Pneumonia,0,0,1,0,0,0,0,1,1,1,1,1,0,0,1,0,0,1,0,1
Pneumonia,1,1,1,1,0,0,0,0,0,1,1,1,0,0,0,0,0,1,0,0
Pneumonia,1,1,1,1,1,0,1,1,1,1,0,0,1,0,0,0,0,1,0,1
Pneumonia,1,1,1,1,1,0,0,1,0,0,1,1,0,0,0,1,0,1,0,1
Pneumonia,1,0,1,1,0,0,0,0,0,0,0,0,0,0,1,1,0,0,0,0
Pneumonia,1,0,1,1,0,0,0,1,1,0,1,0,1,0,0,0,0,1,0,1
Pneumonia,0,1,1,1,1,0,0,0,0,1,1,1,0,0,0,0,0,0,0,0
Pneumonia,0,0,0,1,0,0,1,1,0,0,0,0,0,0,0,1,0,0,0,1
Pneumonia,0,0,1,1,0,0,1,1,0,0,1,0,1,0,0,1,0,1,0,0
Pneumonia,1,0,1,1,0,0,0,0,0,0,1,0,1,0,1,1,0,0,1,0
Pneumonia,1,0,1,1,1,0,1,1,0,1,0,1,0,0,0,1,0,1,0,0
Pneumonia,1,0,1,1,0,0,1,1,0,0,1,0,0,0,0,1,0,1,0,0
Pneumonia,0,0,1,1,0,0,0,0,0,0,1,0,0,0,0,0,0,1,0,1
Pneumonia,1,0,1,1,0,0,0,0,0,1,1,1,0,0,0,0,0,0,0,0
Pneumonia,1,1,0,1,0,0,0,0,0,0,1,0,0,1,0,1,0,0,0,1
Pneumonia,1,0,1,1,0,0,0,1,1,1,1,1,0,0,0,1,0,1,0,1
Pneumonia,1,0,1,0,0,0,1,0,0,0,1,1,0,1,0,1,0,0,0,1
Pneumonia,1,0,1,1,0,1,0,0,1,0,1,0,1,0,1,0,0,0,0,1
Pneumonia,1,0,0,1,0,0,1,0,0,1,0,0,0,0,0,1,0,1,0,1
Pneumonia,1,0,1,0,0,0,1,1,0,1,0,1,0,0,0,0,1,1,0,0
Pneumonia,1,0,1,1,0,0,0,0,1,1,1,0,1,0,0,0,0,0,0,0
Pneumonia,1,1,1,1,1,1,1,1,1,1,1,0,0,0,0,1,0,1,0,0
Pneumonia,0,0,1,0,1,0,0,1,1,0,1,0,0,0,0,1,0,0,0,0
Pneumonia,1,1,1,1,0,0,0,0,0,0,1,0,1,0,0,1,0,1,0,0
Pneumonia,1,1,1,1,0,0,1,1,0,0,1,1,0,0,1,0,0,0,0,0
Pneumonia,0,0,1,1,0,0,1,0,0,1,0,0,0,0,0,1,1,0,0,0
Pneumonia,1,1,1,1,0,0,1,0,1,1,1,0,0,0,0,1,0,1,0,0
Pneumonia,1,0,1,0,0,0,0,0,0,1,1,0,0,0,0,1,0,1,0,0
Pneumonia,1,1,1,1,0,0,0,0,0,1,0,1,0,0,0,1,0,0,0,0
Pneumonia,1,0,1,1,0,0,0,0,0,1,1,0,0,1,0,0,0,1,0,0
Pneumonia,0,0,1,1,0,0,0,0,0,0,1,1,1,0,0,1,0,1,0,0
Pneumonia,1,0,1,1,0,1,0,1,0,1,0,1,0,0,0,1,0,0,0,1
Pneumonia,1,1,1,1,0,0,0,0,0,1,1,0,0,0,1,1,0,1,0,0
Pneumonia,1,0,1,1,0,0,0,0,0,0,1,0,0,0,0,1,0,1,0,1
Pneumonia,1,1,1,1,0,0,0,1,0,1,1,0,0,0,0,0,0,1,0,1
Pneumonia,0,1,0,0,0,0,1,0,0,0,1,0,0,0,0,1,0,0,0,0
Pneumonia,1,1,1,0,0,1,1,1,0,1,1,0,1,0,0,1,0,0,0,1
Pneumonia,1,1,1,1,0,0,1,1,0,1,1,0,0,0,0,1,0,1,0,1
Pneumonia,1,0,1,1,0,0,0,0,0,1,1,0,0,0,0,1,0,1,0,0
Pneumonia,0,0,1,1,1,0,1,0,0,1,1,0,0,0,1,0,0,1,0,1
Pneumonia,1,0,1,1,0,0,0,1,1,0,1,0,0,0,0,1,0,0,0,0
Pneumonia,1,1,1,0,1,0,1,0,0,0,0,0,0,0,0,0,0,1,0,1
Pneumonia,1,1,1,1,0,1,1,0,0,1,1,0,0,0,0,0,0,1,0,0
Pneumonia,1,1,1,0,0,1,0,0,0,1,1,0,0,0,0,0,0,1,1,1
Pneumonia,1,0,1,1,1,0,1,0,0,1,1,0,0,0,0,0,0,1,0,0
Pneumonia,1,0,1,1,0,1,0,1,0,1,1,0,1,0,0,1,0,1,0,1
Pneumonia,0,0,1,1,1,0,1,0,0,1,1,0,0,1,1,1,1,0,0,0
Pneumonia,1,0,1,1,0,0,0,1,0,0,1,1,0,0,0,1,1,1,0,1
Pneumonia,0,1,1,0,0,0,0,0,0,1,1,1,0,0,0,0,0,0,0,1
Pneumonia,1,1,1,1,0,0,0,1,0,1,1,1,0,0,0,1,0,1,1,0
Pneumonia,0,1,1,1,0,0,1,0,0,0,1,0,0,0,0,1,1,0,0,0
Pneumonia,0,1,1,1,0,0,1,0,0,0,1,0,0,0,0,1,0,1,0,0
Pneumonia,1,0,1,1,0,0,0,0,0,1,1,1,0,1,0,1,0,1,0,0
Pneumonia,1,1,0,1,0,0,0,1,0,1,0,0,1,0,0,1,1,0,0,1
Pneumonia,1,1,0,1,1,0,1,0,0,0,1,0,0,0,0,0,0,1,0,0
Pneumonia,1,0,1,0,0,0,0,0,0,1,1,0,0,0,0,1,0,1,0,0
Pneumonia,1,0,1,1,0,0,1,0,0,0,1,1,1,1,0,1,0,0,0,0
Pneumonia,0,0,0,1,0,0,0,1,0,0,1,0,1,0,0,1,0,0,0,0
Pneumonia,1,0,1,1,1,1,1,0,1,1,1,0,0,0,0,1,0,0,0,0
Pneumonia,0,1,1,1,0,0,0,0,0,1,1,0,0,0,0,1,0,1,0,1
Pneumonia,1,0,1,1,0,1,0,0,1,0,1,0,0,0,0,1,0,0,0,0
Pneumonia,1,1,1,1,1,0,1,1,1,1,1,1,0,0,0,0,0,1,0,0
Pneumonia,1,1,1,0,0,1,0,1,1,0,1,0,1,0,1,1,0,0,0,0
Pneumonia,1,0,1,1,0,0,1,0,0,0,1,0,0,0,0,0,0,1,0,1
Pneumonia,1,1,1,0,0,0,0,1,0,0,1,0,1,1,0,1,0,1,0,1
Pneumonia,1,0,1,0,1,0,0,1,0,1,0,0,1,1,0,0,0,0,0,1
Pneumonia,1,0,1,1,0,0,0,1,0,1,0,1,0,0,0,1,0,0,0,0
Pneumonia,1,1,1,1,0,0,0,0,0,0,1,0,1,0,0,0,1,0,0,0
Pneumonia,1,0,1,1,1,0,0,1,0,1,1,0,0,0,0,0,0,1,0,0
Pneumonia,1,0,1,1,1,0,0,1,1,1,1,1,0,0,0,1,0,0,0,0
Pneumonia,1,0,1,0,0,0,0,0,1,1,1,0,0,0,0,1,0,0,0,0
Pneumonia,1,0,1,1,1,1,1,0,1,1,0,0,0,0,0,0,0,1,0,0
Pneumonia,0,1,1,1,0,0,1,0,0,1,1,0,0,0,0,0,0,0,0,0
Pneumonia,0,0,1,0,0,0,1,0,0,0,0,1,0,0,0,1,1,0,0,1
Pneumonia,0,0,1,1,0,0,0,0,0,0,1,0,0,0,0,1,0,1,0,0
Pneumonia,1,1,1,1,0,0,0,0,1,1,1,0,0,0,1,1,0,0,1,0
Pneumonia,1,1,1,1,0,0,0,0,0,1,0,0,0,0,0,1,1,0,0,0
Pneumonia,1,0,1,1,0,0,1,0,0,0,1,0,0,0,0,0,0,1,1,0
Pneumonia,1,0,1,0,1,0,1,1,0,1,0,0,0,0,0,1,0,1,0,1
Pneumonia,1,0,1,1,0,0,1,1,1,0,1,0,1,0,1,1,0,0,0,0
Pneumonia,1,0,1,1,0,0,1,1,0,1,1,0,0,0,0,1,0,0,1,0
Pneumonia,1,1,1,1,0,0,0,0,1,1,1,0,0,1,1,1,1,0,0,1
Pneumonia,1,0,1,0,0,1,0,0,0,1,1,0,0,0,0,0,0,1,0,0
Pneumonia,1,0,1,1,0,0,1,1,0,1,1,1,0,0,0,0,0,0,0,1
Pneumonia,1,1,1,1,0,0,0,0,0,1,0,0,0,0,0,0,0,0,0,0
Pneumonia,1,1,1,1,1,1,0,0,0,1,1,0,0,1,0,1,0,1,1,1
Pneumonia,1,0,1,1,0,0,0,0,1,1,1,0,0,0,0,1,1,1,0,1
Pneumonia,0,0,1,1,0,0,0,1,0,1,1,0,0,0,0,1,0,1,0,0
Pneumonia,0,0,0,1,0,0,0,1,0,0,1,0,0,0,0,0,0,1,0,0
Pneumonia,1,1,1,1,0,0,0,0,0,1,1,1,0,0,0,0,0,0,0,1
Pneumonia,1,0,1,1,0,0,0,0,0,1,1,0,0,1,0,0,0,1,0,0
Pneumonia,1,1,0,1,0,0,0,0,0,0,1,0,0,0,0,1,0,0,0,0
Pneumonia,1,0,1,1,1,0,1,1,0,1,0,0,0,0,0,1,0,0,0,0
Pneumonia,1,0,1,1,0,0,0,0,0,0,0,0,0,0,0,0,1,1,1,0
Pneumonia,0,0,1,0,0,1,0,1,1,0,1,0,0,0,0,1,1,0,0,0
Pneumonia,1,1,0,1,1,0,0,1,0,0,0,1,0,0,1,0,0,1,0,0
Pneumonia,1,1,1,0,0,0,1,0,1,0,1,1,0,0,0,0,0,0,0,0
Pneumonia,0,1,1,1,0,0,0,1,0,1,0,0,0,0,0,1,0,1,0,0
Pneumonia,1,0,1,1,1,0,0,1,0,0,1,0,0,0,0,0,0,0,0,0
Pneumonia,1,0,1,1,0,0,0,1,0,1,1,0,1,0,0,0,0,1,0,0
Pneumonia,1,1,1,1,0,0,0,1,0,0,1,0,0,0,1,1,0,1,0,0
Pneumonia,1,1,1,0,0,0,1,0,0,1,1,1,0,0,1,0,0,0,0,0
Pneumonia,1,1,1,1,1,0,0,1,0,0,1,1,0,0,1,1,0,1,0,0
Pneumonia,1,1,1,0,0,0,0,1,0,1,1,1,0,0,0,1,0,1,1,0
Pneumonia,1,1,1,0,0,0,0,1,0,0,0,1,0,1,1,1,1,1,0,1
Pneumonia,1,0,1,0,1,0,0,1,0,1,1,1,0,0,1,1,0,1,0,1
Pneumonia,1,0,1,0,0,0,0,0,0,1,1,1,0,0,1,1,0,0,0,0
